cores,lithography,base_frequency,tdp,max_temp,sku,cache_size,processor_performance,socket_group,memory_group,brand
16.0,7.0,3400.0,105.0,90.0,10456,65536.0,High Tier,LGA,DDR4,0
12.0,7.0,3700.0,105.0,90.0,10461,65536.0,High Tier,LGA,DDR4,0
12.0,7.0,3000.0,65.0,95.0,10796,65536.0,High Tier,LGA,DDR4,0
8.0,7.0,3800.0,105.0,90.0,10466,32768.0,Mid Tier,LGA,DDR4,0
8.0,7.0,3400.0,65.0,95.0,10791,32768.0,Mid Tier,LGA,DDR4,0
6.0,7.0,3700.0,65.0,95.0,10471,32768.0,Mid Tier,LGA,DDR4,0
8.0,7.0,3900.0,105.0,95.0,9941,32768.0,Mid Tier,LGA,DDR4,0
6.0,7.0,3800.0,95.0,95.0,9936,32768.0,Mid Tier,LGA,DDR4,0
64.0,7.0,2700.0,280.0,90.0,10181,262144.0,High Tier,Threadripper,DDR4,0
32.0,7.0,3500.0,280.0,90.0,10176,131072.0,High Tier,Threadripper,DDR4,0
16.0,7.0,3900.0,280.0,90.0,10186,65536.0,High Tier,Threadripper,DDR4,0
64.0,7.0,2900.0,280.0,95.0,9111,262144.0,High Tier,Threadripper,DDR4,0
8.0,7.0,3300.0,45.0,105.0,10801,16384.0,High Tier,BGA,LPDDR4,0
8.0,7.0,3000.0,35.0,105.0,10806,16384.0,High Tier,BGA,LPDDR4,0
32.0,7.0,3700.0,280.0,95.0,8941,131072.0,High Tier,Threadripper,DDR4,0
8.0,7.0,3300.0,45.0,105.0,10811,16384.0,High Tier,BGA,LPDDR4,0
8.0,7.0,3000.0,35.0,105.0,10816,16384.0,High Tier,BGA,LPDDR4,0
24.0,7.0,3800.0,280.0,95.0,8946,131072.0,High Tier,Threadripper,DDR4,0
8.0,7.0,3200.0,45.0,105.0,10821,16384.0,Mid Tier,BGA,LPDDR4,0
8.0,7.0,2800.0,35.0,105.0,10826,16384.0,Mid Tier,BGA,LPDDR4,0
6.0,7.0,3300.0,45.0,105.0,10831,16384.0,Mid Tier,BGA,LPDDR4,0
16.0,7.0,3500.0,105.0,95.0,8486,65536.0,High Tier,LGA,DDR4,0
6.0,7.0,3000.0,35.0,105.0,10836,16384.0,Mid Tier,BGA,LPDDR4,0
8.0,7.0,1900.0,15.0,105.0,10841,16384.0,Mid Tier,BGA,LPDDR4,0
12.0,7.0,3800.0,105.0,95.0,8436,65536.0,High Tier,LGA,DDR4,0
8.0,7.0,1800.0,15.0,105.0,10846,8192.0,Mid Tier,BGA,LPDDR4,0
12.0,7.0,3100.0,65.0,95.0,8931,65536.0,High Tier,LGA,DDR4,0
6.0,7.0,2300.0,15.0,105.0,10851,16384.0,Mid Tier,BGA,LPDDR4,0
6.0,7.0,2100.0,15.0,105.0,10856,8192.0,Mid Tier,BGA,LPDDR4,0
8.0,7.0,3900.0,105.0,95.0,8441,32768.0,Mid Tier,LGA,DDR4,0
4.0,7.0,2600.0,15.0,105.0,10866,8192.0,Mid Tier,BGA,LPDDR4,0
4.0,7.0,2600.0,15.0,105.0,10861,4096.0,Mid Tier,BGA,LPDDR4,0
8.0,7.0,3600.0,65.0,95.0,8446,32768.0,Mid Tier,LGA,DDR4,0
8.0,7.0,3800.0,65.0,95.0,11171,16384.0,Mid Tier,LGA,DDR4,0
8.0,7.0,3200.0,35.0,95.0,11186,16384.0,Mid Tier,LGA,DDR4,0
6.0,7.0,3800.0,95.0,95.0,8451,32768.0,Mid Tier,LGA,DDR4,0
6.0,7.0,3900.0,65.0,95.0,11176,16384.0,Mid Tier,LGA,DDR4,0
6.0,7.0,3400.0,35.0,95.0,11191,16384.0,Mid Tier,LGA,DDR4,0
6.0,7.0,3600.0,65.0,95.0,8456,32768.0,Mid Tier,LGA,DDR4,0
4.0,7.0,4000.0,65.0,95.0,11181,8192.0,Other,LGA,DDR4,0
4.0,7.0,3600.0,35.0,95.0,11196,8192.0,Other,LGA,DDR4,0
4.0,7.0,3800.0,65.0,84.63613445378151,9671,16384.0,Other,LGA,DDR4,0
8.0,7.0,3600.0,65.0,95.0,10196,8192.0,Mid Tier,LGA,DDR4,0
4.0,7.0,3600.0,65.0,84.63613445378151,9676,16384.0,Other,LGA,DDR4,0
6.0,7.0,3700.0,65.0,95.0,10201,8192.0,Mid Tier,LGA,DDR4,0
6.0,7.0,3600.0,65.0,95.0,8981,16384.0,Mid Tier,LGA,DDR4,0
4.0,7.0,3800.0,65.0,95.0,10206,4096.0,Other,LGA,DDR4,0
8.0,7.0,3100.0,35.0,95.0,10211,8192.0,Mid Tier,LGA,DDR4,0
6.0,7.0,3300.0,35.0,95.0,10216,8192.0,Mid Tier,LGA,DDR4,0
4.0,7.0,3500.0,35.0,95.0,10221,4096.0,Other,LGA,DDR4,0
8.0,7.0,3300.0,35.0,105.0,9651,8192.0,High Tier,BGA,LPDDR4,0
8.0,7.0,3000.0,35.0,105.0,9206,8192.0,High Tier,BGA,LPDDR4,0
8.0,7.0,2900.0,45.0,105.0,10511,8192.0,Mid Tier,BGA,LPDDR4,0
8.0,7.0,2900.0,45.0,105.0,9081,8192.0,Mid Tier,BGA,LPDDR4,0
6.0,7.0,3000.0,45.0,105.0,9086,8192.0,Mid Tier,BGA,LPDDR4,0
8.0,7.0,1800.0,15.0,105.0,9091,8192.0,Mid Tier,BGA,LPDDR4,0
8.0,7.0,2000.0,15.0,105.0,9096,8192.0,Mid Tier,BGA,LPDDR4,0
6.0,7.0,2100.0,15.0,105.0,9116,8192.0,Mid Tier,BGA,LPDDR4,0
6.0,7.0,2300.0,15.0,105.0,9101,8192.0,Mid Tier,BGA,LPDDR4,0
4.0,7.0,2700.0,15.0,105.0,9106,4096.0,Mid Tier,BGA,LPDDR4,0
2.0,14.0,2600.0,15.0,95.0,9051,4096.0,Mid Tier,BGA,DDR4,0
4.0,12.0,3700.0,65.0,95.0,8476,4096.0,Mid Tier,LGA,DDR4,0
8.0,7.0,2000.0,15.0,105.0,11286,8192.0,Mid Tier,BGA,LPDDR4,0
6.0,7.0,2200.0,15.0,105.0,11291,8192.0,Mid Tier,BGA,LPDDR4,0
4.0,12.0,3600.0,65.0,95.0,8481,4096.0,Other,LGA,DDR4,0
2.0,14.0,3500.0,35.0,95.0,10136,4096.0,Low Tier,LGA,DDR4,0
4.0,12.0,2300.0,15.0,105.0,8336,4096.0,Mid Tier,BGA,DDR4,0
2.0,14.0,2400.0,15.0,95.0,9061,4096.0,Low Tier,BGA,DDR4,0
2.0,14.0,2300.0,15.0,95.0,9056,4096.0,Low Tier,BGA,DDR4,0
4.0,12.0,3300.0,35.0,95.0,10231,4096.0,Low Tier,LGA,DDR4,0
4.0,12.0,3500.0,65.0,95.0,10226,4096.0,Low Tier,LGA,DDR4,0
2.0,14.0,1200.0,6.0,105.0,10166,4096.0,Other,BGA,DDR4,0
2.0,14.0,3400.0,35.0,95.0,10236,4096.0,Low Tier,LGA,DDR4,0
2.0,14.0,1200.0,6.0,105.0,11201,4096.0,Other,BGA,DDR4,0
32.0,12.0,3000.0,250.0,68.0,7921,65536.0,High Tier,Other,DDR4,0
24.0,12.0,3000.0,250.0,68.0,7936,65536.0,High Tier,Other,DDR4,0
16.0,12.0,3500.0,180.0,68.0,7926,32768.0,High Tier,Other,DDR4,0
12.0,12.0,3500.0,180.0,68.0,7941,32768.0,High Tier,Other,DDR4,0
8.0,12.0,3700.0,105.0,85.0,7656,16384.0,Mid Tier,LGA,DDR4,0
8.0,12.0,3200.0,65.0,95.0,7661,16384.0,Mid Tier,LGA,DDR4,0
8.0,12.0,2800.0,45.0,95.0,8266,16384.0,Mid Tier,LGA,DDR4,0
6.0,12.0,3600.0,95.0,95.0,7671,16384.0,Mid Tier,LGA,DDR4,0
6.0,12.0,3400.0,65.0,95.0,7666,16384.0,Mid Tier,LGA,DDR4,0
6.0,12.0,3100.0,45.0,95.0,8261,16384.0,Mid Tier,LGA,DDR4,0
4.0,12.0,3600.0,65.0,95.0,8216,8192.0,Mid Tier,LGA,DDR4,0
4.0,14.0,3600.0,65.0,95.0,7221,4096.0,Mid Tier,LGA,DDR4,0
4.0,14.0,3200.0,35.0,95.0,7651,4096.0,Mid Tier,LGA,DDR4,0
4.0,12.0,3500.0,65.0,95.0,8221,8192.0,Other,LGA,DDR4,0
4.0,14.0,3500.0,65.0,95.0,7226,4096.0,Other,LGA,DDR4,0
4.0,14.0,3200.0,35.0,95.0,7646,4096.0,Other,LGA,DDR4,0
4.0,14.0,2200.0,15.0,95.0,5306,4096.0,Mid Tier,BGA,DDR4,0
4.0,14.0,2000.0,15.0,95.0,5311,4096.0,Mid Tier,BGA,DDR4,0
4.0,14.0,2000.0,15.0,95.0,7236,4096.0,Mid Tier,BGA,DDR4,0
2.0,14.0,2500.0,15.0,95.0,7231,4096.0,Mid Tier,BGA,DDR4,0
16.0,14.0,3400.0,180.0,68.0,2066,32768.0,High Tier,Other,DDR4,0
12.0,14.0,3500.0,180.0,68.0,2061,32768.0,High Tier,Other,DDR4,0
8.0,14.0,3800.0,180.0,68.0,3011,16384.0,High Tier,Other,DDR4,0
8.0,14.0,3600.0,95.0,95.0,1221,16384.0,Mid Tier,LGA,DDR4,0
6.0,7.0,3900.0,65.0,95.0,11241,16384.0,High Tier,LGA,DDR4,0
6.0,7.0,3400.0,35.0,95.0,11236,16384.0,High Tier,LGA,DDR4,0
8.0,14.0,3400.0,95.0,95.0,1226,16384.0,Mid Tier,LGA,DDR4,0
12.0,7.0,3100.0,65.0,95.0,8861,65536.0,High Tier,LGA,DDR4,0
8.0,7.0,3600.0,65.0,95.0,8871,32768.0,High Tier,LGA,DDR4,0
8.0,14.0,3000.0,65.0,95.0,1216,16384.0,Mid Tier,LGA,DDR4,0
8.0,7.0,1900.0,15.0,105.0,11011,16384.0,High Tier,BGA,LPDDR4,0
8.0,7.0,3800.0,65.0,95.0,11231,16384.0,High Tier,LGA,DDR4,0
6.0,7.0,2300.0,15.0,105.0,11006,16384.0,High Tier,BGA,LPDDR4,0
4.0,7.0,2600.0,15.0,105.0,11016,8192.0,High Tier,BGA,LPDDR4,0
8.0,7.0,3200.0,35.0,95.0,11226,16384.0,High Tier,LGA,DDR4,0
4.0,7.0,4000.0,65.0,95.0,11246,8192.0,High Tier,LGA,DDR4,0
8.0,7.0,3600.0,65.0,95.0,10241,8192.0,High Tier,LGA,DDR4,0
8.0,7.0,3100.0,35.0,95.0,10256,8192.0,High Tier,LGA,DDR4,0
6.0,7.0,3600.0,65.0,95.0,8866,32768.0,High Tier,LGA,DDR4,0
6.0,14.0,3600.0,95.0,95.0,1246,16384.0,Mid Tier,LGA,DDR4,0
4.0,7.0,3600.0,35.0,95.0,11251,8192.0,High Tier,LGA,DDR4,0
6.0,7.0,3700.0,65.0,95.0,10246,8192.0,High Tier,LGA,DDR4,0
6.0,7.0,3300.0,35.0,95.0,10261,8192.0,High Tier,LGA,DDR4,0
4.0,7.0,3800.0,65.0,95.0,10251,4096.0,High Tier,LGA,DDR4,0
4.0,7.0,3500.0,35.0,95.0,10266,4096.0,High Tier,LGA,DDR4,0
6.0,14.0,3200.0,65.0,95.0,1241,16384.0,Mid Tier,LGA,DDR4,0
6.0,12.0,3200.0,65.0,95.0,9121,16384.0,Mid Tier,LGA,DDR4,0
4.0,12.0,3700.0,65.0,95.0,8876,4096.0,High Tier,LGA,DDR4,0
4.0,14.0,3500.0,65.0,95.0,1236,16384.0,Mid Tier,LGA,DDR4,0
4.0,12.0,3300.0,35.0,95.0,8886,4096.0,High Tier,LGA,DDR4,0
4.0,12.0,3600.0,65.0,95.0,10271,4096.0,High Tier,LGA,DDR4,0
4.0,14.0,3200.0,65.0,95.0,1231,8192.0,Mid Tier,LGA,DDR4,0
4.0,12.0,3600.0,65.0,95.0,8881,4096.0,High Tier,LGA,DDR4,0
4.0,12.0,3300.0,35.0,95.0,8891,4096.0,High Tier,LGA,DDR4,0
4.0,14.0,3500.0,65.0,95.0,2041,8192.0,Other,LGA,DDR4,0
4.0,12.0,3500.0,65.0,95.0,10281,4096.0,Low Tier,LGA,DDR4,0
4.0,12.0,3300.0,35.0,95.0,10286,4096.0,Low Tier,LGA,DDR4,0
2.0,12.0,3400.0,35.0,95.0,10291,4096.0,Low Tier,LGA,DDR4,0
2.0,12.0,3400.0,35.0,95.0,8896,4096.0,Low Tier,LGA,DDR4,0
4.0,14.0,3100.0,65.0,95.0,2046,8192.0,Other,LGA,DDR4,0
8.0,12.0,3600.0,95.0,95.0,8236,16384.0,High Tier,LGA,DDR4,0
8.0,12.0,3200.0,65.0,95.0,8241,16384.0,High Tier,LGA,DDR4,0
8.0,7.0,1700.0,15.0,105.0,9686,8192.0,High Tier,BGA,LPDDR4,0
6.0,7.0,2100.0,15.0,105.0,9691,8192.0,High Tier,BGA,LPDDR4,0
4.0,7.0,2500.0,15.0,105.0,9696,4096.0,High Tier,BGA,LPDDR4,0
8.0,14.0,3400.0,95.0,95.0,2011,16384.0,High Tier,LGA,DDR4,0
8.0,14.0,3000.0,65.0,95.0,2016,16384.0,High Tier,LGA,DDR4,0
6.0,12.0,3400.0,65.0,95.0,8246,16384.0,High Tier,LGA,DDR4,0
2.0,14.0,2400.0,15.0,100.0,10896,4096.0,Low Tier,BGA,DDR4,0
2.0,14.0,2300.0,15.0,100.0,10901,4096.0,Low Tier,BGA,DDR4,0
6.0,14.0,3200.0,65.0,95.0,2021,16384.0,High Tier,LGA,DDR4,0
4.0,14.0,2200.0,15.0,95.0,7206,4096.0,High Tier,BGA,DDR4,0
4.0,14.0,3500.0,65.0,95.0,2026,16384.0,High Tier,LGA,DDR4,0
4.0,14.0,3200.0,35.0,95.0,7786,4096.0,High Tier,LGA,DDR4,0
4.0,14.0,3500.0,65.0,95.0,2031,8192.0,High Tier,LGA,DDR4,0
4.0,14.0,2000.0,15.0,95.0,7211,4096.0,High Tier,BGA,DDR4,0
4.0,14.0,3200.0,35.0,95.0,7781,4096.0,High Tier,LGA,DDR4,0
4.0,14.0,3100.0,65.0,95.0,2036,8192.0,High Tier,LGA,DDR4,0
4.0,14.0,2000.0,15.0,95.0,7216,4096.0,High Tier,BGA,DDR4,0
4.0,28.0,3800.0,65.0,90.0,2121,2048.0,Low Tier,LGA,DDR4,0
4.0,28.0,3100.0,35.0,90.0,2116,2048.0,Low Tier,LGA,DDR4,0
4.0,28.0,3500.0,65.0,90.0,2111,2048.0,Low Tier,LGA,DDR4,0
4.0,28.0,3000.0,35.0,90.0,2106,2048.0,Low Tier,LGA,DDR4,0
4.0,28.0,3100.0,65.0,90.0,2101,2048.0,Low Tier,LGA,DDR4,0
2.0,28.0,3800.0,65.0,90.0,2086,1024.0,Low Tier,LGA,DDR4,0
2.0,28.0,3500.0,65.0,90.0,2096,1024.0,Low Tier,LGA,DDR4,0
2.0,28.0,3000.0,35.0,90.0,2091,1024.0,Low Tier,LGA,DDR4,0
4.0,28.0,2800.0,35.0,90.0,6126,2048.0,Low Tier,BGA,DDR4,0
4.0,28.0,2500.0,15.0,90.0,6131,2048.0,Low Tier,BGA,DDR4,0
4.0,28.0,2600.0,35.0,90.0,6136,2048.0,Low Tier,BGA,DDR4,0
4.0,28.0,2400.0,15.0,90.0,6141,2048.0,Low Tier,BGA,DDR4,0
4.0,28.0,3800.0,65.0,90.0,6171,2048.0,Low Tier,LGA,DDR4,0
4.0,28.0,3100.0,35.0,90.0,6176,2048.0,Low Tier,LGA,DDR4,0
4.0,28.0,3500.0,65.0,90.0,6161,2048.0,Low Tier,LGA,DDR4,0
4.0,28.0,3000.0,35.0,90.0,6166,2048.0,Low Tier,LGA,DDR4,0
4.0,28.0,3100.0,65.0,90.0,6191,2048.0,Low Tier,LGA,DDR4,0
2.0,28.0,3500.0,65.0,90.0,6181,1024.0,Low Tier,LGA,DDR4,0
2.0,28.0,3000.0,35.0,90.0,6186,1024.0,Low Tier,LGA,DDR4,0
4.0,28.0,3000.0,35.0,90.0,6196,2048.0,Low Tier,BGA,DDR4,0
4.0,28.0,2700.0,15.0,90.0,6201,2048.0,Low Tier,BGA,DDR4,0
4.0,28.0,2800.0,35.0,90.0,6206,2048.0,Low Tier,BGA,DDR4,0
4.0,28.0,2500.0,15.0,90.0,6211,2048.0,Low Tier,BGA,DDR4,0
4.0,28.0,2600.0,35.0,90.0,6216,2048.0,Low Tier,BGA,DDR4,0
4.0,28.0,2400.0,15.0,90.0,6221,2048.0,Low Tier,BGA,DDR4,0
2.0,28.0,2300.0,15.0,90.0,6226,1024.0,Low Tier,BGA,DDR4,0
4.0,28.0,3000.0,35.0,90.0,6116,2048.0,Low Tier,BGA,DDR4,0
4.0,28.0,2700.0,15.0,90.0,6121,2048.0,Low Tier,BGA,DDR4,0
4.0,28.0,1800.0,15.0,90.0,5921,2048.0,Low Tier,BGA,DDR3,0
4.0,28.0,1600.0,15.0,90.0,5926,2048.0,Low Tier,BGA,DDR3,0
4.0,28.0,3700.0,65.0,84.63613445378151,6231,2048.0,Low Tier,LGA,DDR4,0
4.0,28.0,2900.0,35.0,84.63613445378151,6146,2048.0,Low Tier,LGA,DDR4,0
4.0,28.0,3900.0,95.0,72.4,6031,4096.0,Low Tier,FCPGA,DDR3,0
4.0,28.0,3500.0,65.0,84.63613445378151,6236,2048.0,Low Tier,LGA,DDR4,0
4.0,28.0,2800.0,35.0,84.63613445378151,6241,2048.0,Low Tier,LGA,DDR4,0
4.0,28.0,3600.0,65.0,71.3,6036,4096.0,Low Tier,FCPGA,DDR3,0
4.0,28.0,3200.0,65.0,71.3,6041,4096.0,Low Tier,FCPGA,DDR3,0
2.0,28.0,3500.0,65.0,84.63613445378151,6151,1024.0,Low Tier,LGA,DDR4,0
2.0,28.0,3000.0,35.0,84.63613445378151,6156,1024.0,Low Tier,LGA,DDR4,0
2.0,28.0,3700.0,65.0,71.3,6046,1024.0,Low Tier,FCPGA,DDR3,0
2.0,28.0,3500.0,65.0,71.3,6051,1024.0,Low Tier,FCPGA,DDR3,0
4.0,28.0,2500.0,81.20796178343949,84.63613445378151,6246,2048.0,Low Tier,BGA,DDR4,0
4.0,28.0,2100.0,15.0,84.63613445378151,5691,2048.0,Low Tier,BGA,DDR3,0
4.0,28.0,2400.0,81.20796178343949,84.63613445378151,6251,2048.0,Low Tier,BGA,DDR4,0
4.0,28.0,1800.0,15.0,84.63613445378151,6066,2048.0,Low Tier,BGA,DDR3,0
4.0,28.0,1600.0,15.0,84.63613445378151,6061,2048.0,Low Tier,BGA,DDR3,0
2.0,28.0,2300.0,81.20796178343949,84.63613445378151,6256,1024.0,Low Tier,BGA,DDR4,0
2.0,28.0,1600.0,15.0,84.63613445378151,6056,1024.0,Low Tier,BGA,DDR3,0
4.0,28.0,2100.0,15.0,90.0,5916,2048.0,Low Tier,BGA,DDR3,0
4.0,28.0,4100.0,95.0,72.4,6101,4096.0,Low Tier,FCPGA,DDR3,0
4.0,28.0,3900.0,95.0,72.4,6026,4096.0,Low Tier,FCPGA,DDR3,0
4.0,28.0,3900.0,95.0,72.4,6106,4096.0,Low Tier,FCPGA,DDR3,0
4.0,28.0,3600.0,65.0,71.3,6086,4096.0,Low Tier,FCPGA,DDR3,0
4.0,28.0,3600.0,65.0,71.3,6081,4096.0,Low Tier,FCPGA,DDR3,0
4.0,28.0,3700.0,95.0,72.4,5706,4096.0,Low Tier,FCPGA,DDR3,0
4.0,28.0,3500.0,81.20796178343949,71.3,5701,4096.0,Low Tier,FCPGA,DDR3,0
4.0,28.0,3400.0,81.20796178343949,72.4,5696,4096.0,Low Tier,FCPGA,DDR3,0
4.0,32.0,4100.0,100.0,74.0,5341,4096.0,Low Tier,FCPGA,DDR3,0
4.0,32.0,4000.0,100.0,74.0,5336,4096.0,Low Tier,FCPGA,DDR3,0
4.0,32.0,3700.0,65.0,71.3,5326,4096.0,Low Tier,FCPGA,DDR3,0
4.0,32.0,2500.0,45.0,71.3,5331,4096.0,Low Tier,FCPGA,DDR3,0
64.0,22.030927835051546,2450.0,280.0,84.63613445378151,10906,262144.0,High Tier,BGA,DDR4,0
64.0,22.030927835051546,2000.0,225.0,84.63613445378151,10911,262144.0,High Tier,BGA,DDR4,0
64.0,22.030927835051546,2000.0,225.0,84.63613445378151,10916,262144.0,High Tier,BGA,DDR4,0
56.0,22.030927835051546,2000.0,240.0,84.63613445378151,10921,262144.0,High Tier,BGA,DDR4,0
48.0,22.030927835051546,2300.0,225.0,84.63613445378151,10926,262144.0,High Tier,BGA,DDR4,0
32.0,22.030927835051546,2950.0,280.0,84.63613445378151,10931,262144.0,High Tier,BGA,DDR4,0
32.0,22.030927835051546,2800.0,225.0,84.63613445378151,10936,262144.0,High Tier,BGA,DDR4,0
32.0,22.030927835051546,2800.0,225.0,84.63613445378151,10941,262144.0,High Tier,BGA,DDR4,0
32.0,22.030927835051546,2600.0,200.0,84.63613445378151,10946,131072.0,High Tier,BGA,DDR4,0
28.0,22.030927835051546,2750.0,225.0,84.63613445378151,10951,65536.0,High Tier,BGA,DDR4,0
24.0,22.030927835051546,3200.0,240.0,84.63613445378151,10956,262144.0,High Tier,BGA,DDR4,0
24.0,22.030927835051546,2850.0,200.0,84.63613445378151,10961,131072.0,High Tier,BGA,DDR4,0
24.0,22.030927835051546,2850.0,200.0,84.63613445378151,10966,131072.0,High Tier,BGA,DDR4,0
24.0,22.030927835051546,2650.0,180.0,84.63613445378151,10971,131072.0,High Tier,BGA,DDR4,0
16.0,22.030927835051546,3500.0,240.0,84.63613445378151,10976,262144.0,High Tier,BGA,DDR4,0
16.0,22.030927835051546,3200.0,190.0,84.63613445378151,10981,131072.0,High Tier,BGA,DDR4,0
16.0,22.030927835051546,3000.0,155.0,84.63613445378151,10986,131072.0,High Tier,BGA,DDR4,0
16.0,22.030927835051546,3000.0,155.0,84.63613445378151,10991,131072.0,High Tier,BGA,DDR4,0
4.0,28.0,3600.0,95.0,72.4,6076,4096.0,Low Tier,FCPGA,DDR3,0
8.0,22.030927835051546,3700.0,180.0,84.63613445378151,10996,262144.0,High Tier,BGA,DDR4,0
24.0,22.030927835051546,3200.0,240.0,84.63613445378151,9656,196608.0,High Tier,BGA,DDR4,0
16.0,22.030927835051546,3500.0,240.0,84.63613445378151,9661,262144.0,High Tier,BGA,DDR4,0
4.0,28.0,3300.0,95.0,72.4,5816,4096.0,Low Tier,FCPGA,DDR3,0
8.0,22.030927835051546,3700.0,180.0,84.63613445378151,9666,131072.0,High Tier,BGA,DDR4,0
64.0,22.030927835051546,2600.0,280.0,84.63613445378151,9131,262144.0,High Tier,BGA,DDR4,0
4.0,28.0,3300.0,95.0,72.4,6071,4096.0,Low Tier,FCPGA,DDR3,0
64.0,22.030927835051546,2250.0,225.0,84.63613445378151,8761,262144.0,High Tier,BGA,DDR4,0
64.0,22.030927835051546,2000.0,200.0,84.63613445378151,8766,262144.0,High Tier,BGA,DDR4,0
4.0,28.0,3100.0,65.0,71.3,5811,4096.0,Low Tier,FCPGA,DDR3,0
64.0,22.030927835051546,2000.0,200.0,84.63613445378151,8771,262144.0,High Tier,BGA,DDR4,0
4.0,32.0,3900.0,65.0,74.0,5481,4096.0,Low Tier,FCPGA,DDR3,0
64.0,22.030927835051546,2000.0,225.0,84.63613445378151,8961,262144.0,High Tier,BGA,DDR4,0
4.0,32.0,3500.0,65.0,71.3,5471,4096.0,Low Tier,FCPGA,DDR3,0
48.0,22.030927835051546,2300.0,225.0,84.63613445378151,8786,262144.0,High Tier,BGA,DDR4,0
48.0,22.030927835051546,2200.0,200.0,84.63613445378151,8776,196608.0,High Tier,BGA,DDR4,0
4.0,32.0,2100.0,45.0,71.3,5476,4096.0,Low Tier,FCPGA,DDR3,0
32.0,22.030927835051546,2900.0,225.0,84.63613445378151,8781,131072.0,High Tier,BGA,DDR4,0
32.0,22.030927835051546,2400.0,200.0,84.63613445378151,8966,262144.0,High Tier,BGA,DDR4,0
32.0,22.030927835051546,2500.0,180.0,84.63613445378151,8791,131072.0,High Tier,BGA,DDR4,0
32.0,22.030927835051546,2500.0,180.0,84.63613445378151,8796,131072.0,High Tier,BGA,DDR4,0
32.0,22.030927835051546,2350.0,155.0,84.63613445378151,8801,131072.0,High Tier,BGA,DDR4,0
24.0,22.030927835051546,2800.0,180.0,84.63613445378151,8816,131072.0,High Tier,BGA,DDR4,0
24.0,22.030927835051546,2800.0,180.0,84.63613445378151,8811,131072.0,High Tier,BGA,DDR4,0
24.0,22.030927835051546,2300.0,155.0,84.63613445378151,8806,131072.0,High Tier,BGA,DDR4,0
2.0,28.0,3700.0,65.0,71.3,6091,1024.0,Low Tier,FCPGA,DDR3,0
2.0,28.0,3500.0,65.0,70.0,5781,1024.0,Low Tier,FCPGA,DDR3,0
16.0,22.030927835051546,3000.0,155.0,84.63613445378151,8821,131072.0,High Tier,BGA,DDR4,0
2.0,32.0,4000.0,65.0,70.0,5431,1024.0,Low Tier,FCPGA,DDR3,0
16.0,22.030927835051546,3000.0,155.0,84.63613445378151,8826,131072.0,High Tier,BGA,DDR4,0
4.0,28.0,1800.0,15.0,90.0,5776,2048.0,Low Tier,BGA,DDR3,0
16.0,22.030927835051546,2800.0,120.0,84.63613445378151,8836,65536.0,High Tier,BGA,DDR4,0
2.0,32.0,3900.0,65.0,70.0,5426,1024.0,Low Tier,FCPGA,DDR3,0
12.0,22.030927835051546,2900.0,120.0,84.63613445378151,8831,65536.0,High Tier,BGA,DDR4,0
8.0,22.030927835051546,3200.0,155.0,84.63613445378151,8851,131072.0,High Tier,BGA,DDR4,0
8.0,22.030927835051546,3100.0,120.0,84.63613445378151,8846,65536.0,High Tier,BGA,DDR4,0
4.0,28.0,2000.0,25.0,90.0,5771,2048.0,Low Tier,BGA,DDR3,0
8.0,22.030927835051546,3100.0,120.0,84.63613445378151,8841,32768.0,High Tier,BGA,DDR4,0
32.0,22.030927835051546,2200.0,180.0,84.63613445378151,1951,65536.0,High Tier,BGA,DDR4,0
32.0,22.030927835051546,2000.0,180.0,84.63613445378151,1961,65536.0,High Tier,BGA,DDR4,0
32.0,22.030927835051546,2000.0,180.0,84.63613445378151,1956,65536.0,High Tier,BGA,DDR4,0
32.0,22.030927835051546,2000.0,155.0,84.63613445378151,1966,65536.0,High Tier,BGA,DDR4,0
2.0,32.0,3800.0,65.0,70.0,5401,1024.0,Low Tier,FCPGA,DDR3,0
24.0,22.030927835051546,2300.0,180.0,84.63613445378151,1971,65536.0,High Tier,BGA,DDR4,0
24.0,22.030927835051546,2000.0,155.0,84.63613445378151,1981,65536.0,High Tier,BGA,DDR4,0
2.0,32.0,3800.0,65.0,70.0,5396,1024.0,Low Tier,FCPGA,DDR3,0
24.0,22.030927835051546,2000.0,155.0,84.63613445378151,1976,65536.0,High Tier,BGA,DDR4,0
2.0,32.0,3700.0,65.0,70.0,5391,1024.0,Low Tier,FCPGA,DDR3,0
16.0,22.030927835051546,3100.0,200.0,84.63613445378151,8386,65536.0,High Tier,BGA,DDR4,0
16.0,22.030927835051546,2400.0,155.0,84.63613445378151,1991,65536.0,High Tier,BGA,DDR4,0
16.0,22.030927835051546,2400.0,155.0,84.63613445378151,1986,65536.0,High Tier,BGA,DDR4,0
16.0,22.030927835051546,2200.0,155.0,84.63613445378151,1996,65536.0,High Tier,BGA,DDR4,0
4.0,28.0,1550.0,15.0,90.0,5731,2048.0,Low Tier,BGA,DDR3,0
16.0,22.030927835051546,2100.0,155.0,84.63613445378151,2001,32768.0,High Tier,BGA,DDR4,0
4.0,28.0,1500.0,15.0,90.0,5726,2048.0,Low Tier,BGA,DDR3,0
8.0,22.030927835051546,2500.0,155.0,84.63613445378151,7791,65536.0,High Tier,BGA,DDR4,0
8.0,22.030927835051546,2100.0,120.0,84.63613445378151,2006,32768.0,High Tier,BGA,DDR4,0
8.0,32.0,4700.0,220.0,57.0,1481,8192.0,Low Tier,FCPGA,DDR3,0
8.0,32.0,4400.0,220.0,57.0,1476,8192.0,Low Tier,FCPGA,DDR3,0
8.0,32.0,4000.0,125.0,61.1,1466,8192.0,Low Tier,FCPGA,DDR3,0
8.0,32.0,3300.0,95.0,70.5,1471,8192.0,Low Tier,FCPGA,DDR3,0
4.0,28.0,2500.0,35.0,84.63613445378151,5716,4096.0,Low Tier,Other,DDR3,0
8.0,32.0,4000.0,125.0,61.1,1461,8192.0,Low Tier,FCPGA,DDR3,0
8.0,32.0,4000.0,125.0,61.0,1456,8192.0,Low Tier,FCPGA,DDR3,0
4.0,28.0,1900.0,20.0,84.63613445378151,5711,4096.0,Low Tier,Other,Other,0
4.0,28.0,2200.0,4.5,84.63613445378151,5721,2048.0,Low Tier,BGA,DDR3,0
8.0,32.0,4000.0,125.0,61.0,1451,8192.0,Low Tier,FCPGA,DDR3,0
8.0,32.0,3200.0,95.0,70.5,1446,8192.0,Low Tier,FCPGA,DDR3,0
8.0,32.0,3500.0,125.0,61.1,1441,8192.0,Low Tier,FCPGA,DDR3,0
8.0,32.0,3400.0,95.0,70.5,1436,8192.0,Low Tier,FCPGA,Other,0
8.0,32.0,3300.0,95.0,70.5,1431,8192.0,Low Tier,FCPGA,DDR3,0
8.0,32.0,3600.0,125.0,61.0,1426,8192.0,Low Tier,FCPGA,DDR3,0
8.0,32.0,3100.0,125.0,61.0,1421,8192.0,Low Tier,FCPGA,Other,0
4.0,28.0,2200.0,15.0,90.0,5956,2048.0,Low Tier,BGA,DDR3,0
6.0,32.0,3900.0,125.0,61.0,1416,8192.0,Low Tier,FCPGA,DDR3,0
4.0,28.0,2400.0,100.0,84.63613445378151,5826,4096.0,Low Tier,Other,DDR3,0
4.0,28.0,1800.0,20.0,84.63613445378151,5821,4096.0,Low Tier,Other,DDR3,0
6.0,32.0,3900.0,125.0,61.0,1411,8192.0,Low Tier,FCPGA,DDR3,0
6.0,32.0,3500.0,95.0,70.5,1926,8192.0,Low Tier,FCPGA,DDR3,0
4.0,28.0,2000.0,15.0,90.0,5936,2048.0,Low Tier,BGA,DDR3,0
6.0,32.0,3800.0,125.0,61.1,1406,8192.0,Low Tier,FCPGA,DDR3,0
6.0,32.0,3300.0,95.0,70.0,1401,8192.0,Low Tier,FCPGA,DDR3,0
4.0,32.0,4200.0,125.0,61.1,1396,8192.0,Low Tier,FCPGA,DDR3,0
4.0,32.0,4000.0,95.0,70.5,1931,4096.0,Low Tier,FCPGA,DDR3,0
4.0,32.0,3800.0,95.0,70.5,1391,4096.0,Low Tier,FCPGA,DDR3,0
4.0,32.0,4200.0,125.0,61.1,1386,8192.0,Low Tier,FCPGA,Other,0
4.0,32.0,3800.0,125.0,70.0,1381,4096.0,Low Tier,FCPGA,DDR3,0
4.0,32.0,3600.0,95.0,70.5,1376,8192.0,Low Tier,FCPGA,DDR3,0
6.0,22.030927835051546,3500.0,95.0,84.63613445378151,1691,6144.0,Low Tier,FCPGA,DDR3,0
4.0,22.030927835051546,2700.0,95.0,71.0,1686,6144.0,Low Tier,FCPGA,Other,0
4.0,22.030927835051546,3700.0,125.0,84.63613445378151,1911,6144.0,Low Tier,FCPGA,DDR3,0
2.0,28.0,1600.0,15.0,90.0,5931,1024.0,Low Tier,BGA,Other,0
4.0,28.0,2000.0,15.0,90.0,5941,2048.0,Low Tier,BGA,DDR3,0
4.0,45.0,3600.0,125.0,62.0,1906,6144.0,Low Tier,FCPGA,DDR3,0
4.0,28.0,2000.0,15.0,90.0,5961,2048.0,Low Tier,BGA,DDR3,0
4.0,22.030927835051546,3400.0,80.0,84.63613445378151,1671,2048.0,Low Tier,FCPGA,Other,0
2.0,28.0,2200.0,17.0,84.63613445378151,5796,1024.0,Low Tier,BGA,Other,0
4.0,22.030927835051546,3000.0,95.0,71.0,1666,512.0,Low Tier,FCPGA,Other,0
4.0,28.0,2400.0,15.0,84.63613445378151,5791,2048.0,Low Tier,BGA,DDR3,0
4.0,22.030927835051546,3300.0,95.0,84.63613445378151,1681,2048.0,Low Tier,FCPGA,Other,0
4.0,22.030927835051546,3200.0,95.0,71.0,1676,2048.0,Low Tier,FCPGA,DDR3,0
2.0,32.0,2900.0,35.0,84.63613445378151,5451,2048.0,Low Tier,Other,DDR3,0
2.0,22.030927835051546,4000.0,80.0,84.63613445378151,1661,6144.0,Low Tier,FCPGA,DDR3,0
4.0,28.0,2000.0,25.0,84.63613445378151,5786,2048.0,Low Tier,BGA,Other,0
2.0,45.0,3400.0,80.0,84.63613445378151,1936,1024.0,Low Tier,FCPGA,Other,0
2.0,22.030927835051546,3200.0,80.0,84.63613445378151,1651,1024.0,Low Tier,FCPGA,Other,0
2.0,22.030927835051546,3400.0,80.0,70.0,1901,6144.0,Low Tier,FCPGA,DDR3,0
4.0,22.030927835051546,2400.0,45.0,100.0,1611,2048.0,Low Tier,Other,DDR3,0
4.0,22.030927835051546,2200.0,35.0,100.0,1636,2048.0,Low Tier,Other,DDR3,0
4.0,22.030927835051546,1800.0,35.0,100.0,1631,2048.0,Low Tier,Other,DDR3,0
3.0,22.030927835051546,2300.0,35.0,100.0,1641,1536.0,Low Tier,FCPGA,DDR3,0
3.0,22.030927835051546,2000.0,35.0,100.0,1646,1536.0,Low Tier,FCPGA,DDR3,0
2.0,22.030927835051546,3000.0,35.0,100.0,1621,2048.0,Low Tier,Other,DDR3,0
4.0,28.0,1800.0,65.0,90.0,5946,2048.0,Low Tier,BGA,DDR3,0
2.0,22.030927835051546,2600.0,35.0,100.0,1626,2048.0,Low Tier,Other,DDR3,0
4.0,28.0,1600.0,4.5,84.63613445378151,5801,2048.0,Low Tier,BGA,DDR3,0
2.0,22.030927835051546,2800.0,35.0,100.0,1616,2048.0,Low Tier,Other,Other,0
4.0,28.0,1800.0,15.0,84.63613445378151,5746,2048.0,Low Tier,BGA,DDR3,0
4.0,22.030927835051546,3300.0,95.0,84.63613445378151,1606,2048.0,Low Tier,FCPGA,Other,0
4.0,22.030927835051546,3200.0,95.0,84.63613445378151,1601,2048.0,Low Tier,FCPGA,Other,0
4.0,22.030927835051546,3000.0,95.0,84.63613445378151,1596,2048.0,Low Tier,FCPGA,Other,0
4.0,28.0,1550.0,15.0,84.63613445378151,5741,2048.0,Low Tier,BGA,Other,0
3.0,22.030927835051546,3200.0,95.0,84.63613445378151,1591,1536.0,Low Tier,FCPGA,Other,0
4.0,28.0,1500.0,15.0,84.63613445378151,5766,2048.0,Low Tier,BGA,Other,0
3.0,22.030927835051546,3000.0,95.0,84.63613445378151,1586,1536.0,Low Tier,FCPGA,Other,0
2.0,22.030927835051546,3500.0,80.0,84.63613445378151,1581,1024.0,Low Tier,FCPGA,Other,0
2.0,22.030927835051546,3400.0,80.0,84.63613445378151,1576,1024.0,Low Tier,FCPGA,Other,0
2.0,22.030927835051546,3200.0,80.0,84.63613445378151,1571,1024.0,Low Tier,FCPGA,Other,0
4.0,32.0,2800.0,100.0,70.1,1326,4096.0,Low Tier,Other,Other,0
4.0,32.0,2700.0,65.0,70.1,1321,4096.0,Low Tier,Other,Other,0
4.0,32.0,2600.0,100.0,70.1,1311,4096.0,Low Tier,Other,Other,0
4.0,32.0,2600.0,65.0,84.63613445378151,1316,4096.0,Low Tier,Other,Other,0
4.0,22.030927835051546,2700.0,45.0,84.63613445378151,1306,0.0,Low Tier,FCPGA,DDR3,0
3.0,22.030927835051546,3400.0,95.0,75.0,1301,1536.0,Low Tier,FCPGA,DDR3,0
3.0,22.030927835051546,2700.0,45.0,84.63613445378151,1296,1536.0,Low Tier,FCPGA,DDR3,0
4.0,28.0,1800.0,81.20796178343949,90.0,5981,2048.0,Low Tier,BGA,DDR3,0
2.0,22.030927835051546,3100.0,45.0,72.0,1291,2048.0,Low Tier,FCPGA,DDR3,0
4.0,28.0,3800.0,65.0,84.63613445378151,2071,2048.0,Low Tier,LGA,DDR4,0
4.0,28.0,1600.0,81.20796178343949,90.0,5986,2048.0,Low Tier,BGA,DDR3,0
4.0,28.0,3500.0,81.20796178343949,84.63613445378151,2076,2048.0,Low Tier,LGA,DDR4,0
4.0,28.0,2200.0,81.20796178343949,90.0,5996,2048.0,Low Tier,BGA,DDR3,0
4.0,28.0,3200.0,81.20796178343949,84.63613445378151,2081,2048.0,Low Tier,LGA,DDR4,0
2.0,28.0,1600.0,81.20796178343949,90.0,5991,1024.0,Low Tier,BGA,Other,0
4.0,28.0,2000.0,81.20796178343949,90.0,6001,2048.0,Low Tier,BGA,DDR3,0
4.0,28.0,4000.0,95.0,72.4,1371,4096.0,Low Tier,FCPGA,DDR3,0
4.0,28.0,1800.0,65.0,90.0,6006,2048.0,Low Tier,BGA,DDR3,0
4.0,28.0,3900.0,95.0,72.4,1366,4096.0,Low Tier,FCPGA,DDR3,0
4.0,32.0,4100.0,45.0,74.0,5626,4096.0,Low Tier,FCPGA,DDR3,0
4.0,28.0,3700.0,95.0,72.4,1356,4096.0,Low Tier,FCPGA,DDR3,0
4.0,32.0,4000.0,45.0,74.0,5631,4096.0,Low Tier,FCPGA,DDR3,0
4.0,28.0,3700.0,95.0,72.4,1361,4096.0,Low Tier,FCPGA,DDR3,0
4.0,28.0,3500.0,81.20796178343949,71.3,1351,2048.0,Low Tier,FCPGA,DDR3,0
4.0,32.0,3500.0,65.0,71.3,5531,4096.0,Low Tier,FCPGA,DDR3,0
4.0,32.0,3800.0,100.0,84.63613445378151,1346,4096.0,Low Tier,FCPGA,Other,0
4.0,22.030927835051546,3400.0,65.0,71.3,1336,4096.0,Low Tier,FCPGA,DDR3,0
2.0,32.0,4000.0,65.0,70.0,5521,1024.0,Low Tier,FCPGA,DDR3,0
4.0,32.0,3400.0,100.0,84.63613445378151,1341,4096.0,Low Tier,FCPGA,Other,0
4.0,32.0,3200.0,65.0,84.63613445378151,1331,4096.0,Low Tier,FCPGA,Other,0
2.0,32.0,3900.0,65.0,70.0,5516,1024.0,Low Tier,FCPGA,DDR3,0
4.0,65.0,56.0,45.0,70.0,1916,0.0,Other,FCPGA,Other,0
4.0,28.0,2000.0,17.0,70.0,1566,2048.0,Low Tier,BGA,DDR3,0
16.0,32.0,2800.0,140.0,64.4,1896,16384.0,Low Tier,BGA,DDR3,0
16.0,32.0,2500.0,115.0,69.0,1891,16384.0,Low Tier,BGA,DDR3,0
4.0,28.0,3700.0,95.0,72.4,5636,4096.0,Low Tier,FCPGA,DDR3,0
16.0,32.0,2400.0,115.0,69.0,1886,16384.0,Low Tier,BGA,DDR3,0
16.0,32.0,2300.0,115.0,69.0,1881,16384.0,Low Tier,BGA,DDR3,0
4.0,28.0,3500.0,65.0,71.3,5661,4096.0,Low Tier,FCPGA,DDR3,0
4.0,28.0,3100.0,65.0,71.3,5676,4096.0,Low Tier,FCPGA,DDR3,0
16.0,32.0,2000.0,99.0,69.0,1876,16384.0,Low Tier,BGA,DDR3,0
2.0,28.0,3500.0,65.0,70.0,5671,1024.0,Low Tier,FCPGA,DDR3,0
16.0,32.0,1800.0,85.0,65.0,1871,16384.0,Low Tier,BGA,DDR3,0
2.0,28.0,3400.0,65.0,70.0,5666,1024.0,Low Tier,FCPGA,DDR3,0
12.0,32.0,2800.0,115.0,70.4,1866,16384.0,Low Tier,BGA,DDR3,0
12.0,32.0,2600.0,115.0,70.4,1861,16384.0,Low Tier,BGA,DDR3,0
2.0,32.0,3800.0,65.0,70.0,5641,1024.0,Low Tier,FCPGA,DDR3,0
4.0,28.0,2100.0,19.0,84.63613445378151,5891,4096.0,Low Tier,Other,DDR3,0
12.0,32.0,2300.0,99.0,69.0,1856,16384.0,Low Tier,BGA,DDR3,0
4.0,28.0,1900.0,100.0,84.63613445378151,5901,4096.0,Low Tier,Other,DDR3,0
8.0,32.0,3200.0,115.0,71.7,1851,16384.0,Low Tier,BGA,DDR3,0
8.0,32.0,2800.0,115.0,71.7,1846,16384.0,Low Tier,BGA,DDR3,0
2.0,28.0,2200.0,100.0,84.63613445378151,5896,1024.0,Low Tier,Other,DDR3,0
4.0,28.0,2000.0,15.0,90.0,6111,2048.0,Low Tier,BGA,DDR3,0
4.0,32.0,3500.0,115.0,74.4,1841,16384.0,Low Tier,BGA,DDR3,0
4.0,28.0,2200.0,25.0,84.63613445378151,6021,2048.0,Low Tier,BGA,DDR3,0
16.0,32.0,2700.0,140.0,64.4,1836,16384.0,Low Tier,BGA,DDR3,0
16.0,32.0,2600.0,140.0,64.4,1561,16384.0,Low Tier,BGA,DDR3,0
4.0,28.0,2700.0,35.0,84.63613445378151,5886,4096.0,Low Tier,Other,DDR3,0
16.0,32.0,2400.0,115.0,69.0,1831,16384.0,Low Tier,BGA,DDR3,0
4.0,28.0,2100.0,20.0,84.63613445378151,5881,4096.0,Low Tier,Other,DDR3,0
16.0,32.0,2300.0,115.0,69.0,1556,16384.0,Low Tier,BGA,DDR3,0
4.0,28.0,2100.0,81.20796178343949,90.0,5976,2048.0,Low Tier,BGA,DDR3,0
16.0,32.0,2200.0,115.0,69.0,1551,16384.0,Low Tier,BGA,DDR3,0
4.0,28.0,2200.0,25.0,76.0,6096,2048.0,Low Tier,FCPGA,DDR3,0
16.0,32.0,2100.0,115.0,69.0,1546,16384.0,Low Tier,BGA,DDR3,0
4.0,28.0,2050.0,25.0,76.0,5836,2048.0,Low Tier,FCPGA,DDR3,0
16.0,32.0,1600.0,85.0,65.0,1826,16384.0,Low Tier,BGA,DDR3,0
4.0,28.0,1600.0,25.0,76.0,5831,2048.0,Low Tier,FCPGA,DDR3,0
12.0,32.0,2600.0,115.0,70.4,1541,16384.0,Low Tier,BGA,DDR3,0
4.0,28.0,1300.0,25.0,90.0,5911,2048.0,Other,FCPGA,DDR3,0
12.0,32.0,2400.0,115.0,70.4,1821,16384.0,Low Tier,BGA,DDR3,0
2.0,28.0,1450.0,25.0,90.0,5906,1024.0,Other,FCPGA,DDR3,0
4.0,28.0,1800.0,65.0,90.0,5951,2048.0,Low Tier,BGA,DDR3,0
4.0,28.0,1800.0,65.0,90.0,5966,2048.0,Low Tier,BGA,DDR3,0
8.0,32.0,3000.0,115.0,71.7,1816,16384.0,Low Tier,BGA,DDR3,0
4.0,28.0,1500.0,15.0,84.63613445378151,5871,2048.0,Low Tier,BGA,DDR3,0
8.0,32.0,2600.0,115.0,71.7,1811,16384.0,Low Tier,BGA,DDR3,0
4.0,28.0,1300.0,15.0,90.0,5866,2048.0,Low Tier,BGA,DDR3,0
4.0,32.0,3300.0,115.0,74.4,1806,16384.0,Low Tier,BGA,DDR3,0
2.0,28.0,1650.0,15.0,84.63613445378151,5876,1024.0,Low Tier,BGA,Other,0
12.0,22.030927835051546,2500.0,140.0,64.0,1801,12288.0,Low Tier,BGA,DDR3,0
12.0,22.030927835051546,2300.0,115.0,69.0,1536,12288.0,Low Tier,BGA,DDR3,0
12.0,22.030927835051546,1800.0,85.0,69.0,1531,12288.0,Low Tier,BGA,DDR3,0
8.0,22.030927835051546,2600.0,115.0,69.0,1526,12288.0,Low Tier,BGA,DDR3,0
8.0,22.030927835051546,2200.0,85.0,66.0,1521,12288.0,Low Tier,BGA,DDR3,0
4.0,28.0,1800.0,65.0,90.0,6011,2048.0,Low Tier,BGA,DDR3,0
8.0,32.0,3100.0,95.0,70.5,1516,8192.0,Low Tier,BGA,DDR3,0
8.0,32.0,2600.0,65.0,68.0,1511,8192.0,Low Tier,BGA,DDR3,0
8.0,32.0,2000.0,40.0,70.0,1506,8192.0,Low Tier,BGA,DDR3,0
6.0,32.0,3500.0,95.0,67.7,1501,8192.0,Low Tier,BGA,DDR3,0
6.0,32.0,3100.0,95.0,67.7,1496,8192.0,Low Tier,BGA,DDR3,0
2.0,28.0,1500.0,10.0,90.0,5971,1024.0,Low Tier,BGA,DDR3,0
6.0,32.0,3000.0,65.0,68.0,1491,8192.0,Low Tier,BGA,DDR3,0
2.0,28.0,1400.0,3.95,84.63613445378151,5861,1024.0,Low Tier,BGA,Other,0
6.0,32.0,2200.0,35.0,85.0,1486,8192.0,Low Tier,BGA,DDR3,0
8.0,32.0,3000.0,95.0,70.5,1796,8192.0,Low Tier,BGA,DDR3,0
8.0,32.0,2800.0,95.0,70.5,1791,8192.0,Low Tier,BGA,DDR3,0
2.0,28.0,1350.0,10.0,84.63613445378151,5856,1024.0,Low Tier,BGA,Other,0
8.0,32.0,2600.0,65.0,68.0,1786,8192.0,Low Tier,BGA,DDR3,0
2.0,28.0,1400.0,15.0,84.63613445378151,5851,1024.0,Low Tier,BGA,Other,0
8.0,32.0,2500.0,65.0,68.0,1781,8192.0,Low Tier,BGA,DDR3,0
2.0,28.0,1000.0,9.0,84.63613445378151,5846,1024.0,Low Tier,BGA,Other,0
2.0,28.0,1000.0,9.0,84.63613445378151,5841,1024.0,Low Tier,BGA,Other,0
8.0,32.0,1600.0,35.0,64.0,1776,8192.0,Low Tier,BGA,DDR3,0
6.0,32.0,3400.0,95.0,70.5,1771,8192.0,Low Tier,BGA,DDR3,0
6.0,32.0,3300.0,95.0,70.5,1766,8192.0,Low Tier,BGA,DDR3,0
6.0,32.0,3100.0,95.0,70.5,1761,8192.0,Low Tier,BGA,DDR3,0
2.0,28.0,1500.0,81.20796178343949,90.0,6016,1024.0,Low Tier,BGA,DDR3,0
6.0,32.0,2900.0,65.0,68.0,1756,8192.0,Low Tier,BGA,DDR3,0
6.0,32.0,2800.0,65.0,68.0,1751,8192.0,Low Tier,BGA,DDR3,0
6.0,32.0,2700.0,95.0,70.5,1746,8192.0,Low Tier,BGA,DDR3,0
8.0,32.0,2600.0,65.0,70.3,1741,8192.0,Low Tier,FCPGA,DDR3,0
8.0,32.0,2300.0,65.0,70.3,1736,8192.0,Low Tier,FCPGA,DDR3,0
4.0,32.0,2800.0,45.0,69.1,1731,8192.0,Low Tier,FCPGA,DDR3,0
4.0,32.0,1900.0,25.0,70.0,1726,8192.0,Low Tier,FCPGA,DDR3,0
8.0,32.0,2400.0,65.0,61.1,1721,8192.0,Low Tier,FCPGA,DDR3,0
4.0,32.0,2700.0,45.0,61.1,1716,4096.0,Low Tier,FCPGA,DDR3,0
4.0,28.0,2400.0,25.0,84.63613445378151,1266,2048.0,Low Tier,BGA,DDR3,0
4.0,32.0,2500.0,45.0,84.63613445378151,1711,4096.0,Low Tier,FCPGA,DDR3,0
4.0,28.0,1900.0,22.0,84.63613445378151,5656,2048.0,Low Tier,BGA,DDR3,0
2.0,22.030927835051546,2200.0,35.0,95.0,1706,1024.0,Other,Other,DDR2,0
2.0,22.030927835051546,2000.0,31.0,84.63613445378151,1701,1024.0,Other,Other,DDR2,0
4.0,22.030927835051546,1800.0,31.0,84.63613445378151,1696,0.0,Other,Other,Other,0
2.0,22.030927835051546,1600.0,31.0,84.63613445378151,1921,2048.0,Other,Other,Other,0
2.0,22.0,1700.0,7.0,100.0,77976,1024.0,Low Tier,BGA,DDR3,1
2.0,22.0,1700.0,6.0,98.0,77977,1024.0,Low Tier,BGA,DDR3,1
2.0,22.0,1700.0,7.0,100.0,77978,1024.0,Low Tier,BGA,DDR3,1
4.0,22.0,1700.0,13.0,100.0,77979,2048.0,Low Tier,BGA,DDR3,1
4.0,14.0,3100.0,54.0,100.0,130407,8192.0,Mid Tier,Other,DDR4,1
4.0,14.0,3400.0,65.0,71.0,88196,8192.0,Mid Tier,LGA,DDR3,1
4.0,22.0,2600.0,47.0,100.0,78934,6144.0,Mid Tier,BGA,DDR3,1
4.0,22.0,2400.0,37.0,100.0,78935,6144.0,Mid Tier,BGA,DDR3,1
2.0,14.0,2000.0,15.0,105.0,84992,4096.0,Mid Tier,BGA,DDR3,1
2.0,14.0,3100.0,28.0,105.0,84993,4096.0,Mid Tier,BGA,DDR3,1
2.0,14.0,2200.0,15.0,105.0,84995,4096.0,Mid Tier,BGA,DDR3,1
2.0,14.0,2400.0,15.0,105.0,85214,4096.0,Mid Tier,BGA,DDR3,1
2.0,14.0,2600.0,15.0,105.0,85215,4096.0,Mid Tier,BGA,DDR3,1
4.0,14.0,2700.0,47.0,105.0,88094,6144.0,Mid Tier,BGA,DDR3,1
4.0,22.0,2800.0,47.0,100.0,78937,6144.0,Mid Tier,FCPGA,DDR3,1
4.0,22.0,2200.0,37.0,100.0,75119,6144.0,Mid Tier,FCPGA,DDR3,1
4.0,22.0,2000.0,35.0,66.35,75121,8192.0,Mid Tier,LGA,DDR3,1
4.0,22.0,3400.0,84.0,72.72,75122,8192.0,Mid Tier,LGA,DDR3,1
4.0,22.0,3500.0,84.0,72.72,75123,8192.0,Mid Tier,LGA,DDR3,1
4.0,22.0,3100.0,65.0,71.35,75124,8192.0,Mid Tier,LGA,DDR3,1
4.0,22.0,2500.0,45.0,71.45,75125,8192.0,Mid Tier,LGA,DDR3,1
4.0,22.0,2400.0,47.0,100.0,75117,6144.0,Mid Tier,FCPGA,DDR3,1
4.0,22.0,2800.0,47.0,100.0,75131,8192.0,Mid Tier,FCPGA,DDR3,1
4.0,22.0,2400.0,47.0,100.0,75116,6144.0,Mid Tier,BGA,DDR3,1
4.0,22.0,2200.0,37.0,100.0,75118,6144.0,Mid Tier,BGA,DDR3,1
2.0,22.0,1300.0,15.0,100.0,75028,3072.0,Mid Tier,BGA,DDR3,1
2.0,22.0,2600.0,28.0,100.0,75991,3072.0,Mid Tier,BGA,DDR3,1
4.0,22.0,2700.0,65.0,100.0,76640,4096.0,Mid Tier,BGA,DDR3,1
4.0,22.0,3000.0,65.0,100.0,76641,4096.0,Mid Tier,BGA,DDR3,1
2.0,22.0,1500.0,11.5,100.0,76611,3072.0,Mid Tier,BGA,DDR3,1
4.0,22.0,3000.0,84.0,72.72,75036,6144.0,Mid Tier,LGA,DDR3,1
2.0,22.0,2700.0,35.0,66.35,75468,4096.0,Mid Tier,LGA,DDR3,1
4.0,22.0,2300.0,45.0,71.45,75050,6144.0,Mid Tier,LGA,DDR3,1
4.0,22.0,2700.0,65.0,71.35,75037,6144.0,Mid Tier,LGA,DDR3,1
4.0,22.0,3100.0,65.0,71.35,75049,6144.0,Mid Tier,LGA,DDR3,1
4.0,22.0,3400.0,84.0,72.72,75048,6144.0,Mid Tier,LGA,DDR3,1
4.0,22.0,3200.0,84.0,72.72,75043,6144.0,Mid Tier,LGA,DDR3,1
4.0,22.0,2900.0,65.0,71.35,75044,6144.0,Mid Tier,LGA,DDR3,1
2.0,22.0,2900.0,35.0,66.35,75045,4096.0,Mid Tier,LGA,DDR3,1
4.0,22.0,3400.0,84.0,72.72,75047,6144.0,Mid Tier,LGA,DDR3,1
2.0,22.0,2400.0,28.0,100.0,75990,3072.0,Mid Tier,BGA,DDR3,1
2.0,22.0,1400.0,11.5,100.0,75802,3072.0,Mid Tier,BGA,DDR3,1
2.0,22.0,1600.0,15.0,100.0,75459,3072.0,Mid Tier,BGA,DDR3,1
2.0,22.0,1400.0,15.0,100.0,75033,3072.0,Mid Tier,BGA,DDR3,1
2.0,22.0,2500.0,37.0,100.0,76348,3072.0,Mid Tier,FCPGA,DDR3,1
2.0,22.0,1600.0,11.5,100.0,76612,3072.0,Mid Tier,BGA,DDR3,1
2.0,22.0,2800.0,37.0,100.0,76750,3072.0,Mid Tier,FCPGA,DDR3,1
2.0,22.0,1600.0,11.5,100.0,76610,3072.0,Mid Tier,BGA,DDR3,1
2.0,22.0,2600.0,37.0,100.0,76347,3072.0,Mid Tier,FCPGA,DDR3,1
2.0,22.0,1900.0,15.0,100.0,76308,3072.0,Mid Tier,BGA,DDR3,1
2.0,22.0,1600.0,25.0,100.0,76307,3072.0,Mid Tier,BGA,DDR3,1
4.0,22.0,2800.0,65.0,71.35,75040,6144.0,Mid Tier,LGA,DDR3,1
4.0,22.0,3100.0,84.0,72.72,75038,6144.0,Mid Tier,LGA,DDR3,1
2.0,22.0,2800.0,47.0,100.0,75027,3072.0,Mid Tier,BGA,DDR3,1
4.0,22.0,2700.0,47.0,100.0,75128,6144.0,Mid Tier,FCPGA,DDR3,1
4.0,22.0,2400.0,47.0,100.0,75469,6144.0,Mid Tier,BGA,DDR3,1
4.0,22.0,2300.0,45.0,71.45,75610,8192.0,Mid Tier,LGA,DDR3,1
2.0,22.0,1800.0,15.0,100.0,75460,4096.0,Mid Tier,BGA,DDR3,1
2.0,22.0,2000.0,15.0,100.0,80343,3072.0,Mid Tier,BGA,DDR3,1
2.0,22.0,2900.0,37.0,100.0,80344,3072.0,Mid Tier,FCPGA,DDR3,1
2.0,22.0,2500.0,27.0,100.0,75554,4096.0,Mid Tier,BGA,DDR3,1
2.0,22.0,1400.0,15.0,100.0,75030,3072.0,Mid Tier,BGA,DDR3,1
2.0,22.0,2900.0,37.0,100.0,79199,3072.0,Mid Tier,BGA,DDR3,1
2.0,22.0,1800.0,25.0,100.0,79201,3072.0,Mid Tier,BGA,DDR3,1
2.0,22.0,2600.0,37.0,100.0,81012,3072.0,Mid Tier,FCPGA,DDR3,1
2.0,22.0,1700.0,15.0,100.0,81016,3072.0,Mid Tier,BGA,DDR3,1
2.0,22.0,1600.0,11.5,100.0,81020,3072.0,Mid Tier,BGA,DDR3,1
4.0,22.0,1900.0,35.0,66.35,78927,6144.0,Mid Tier,LGA,DDR3,1
4.0,22.0,2000.0,35.0,66.35,78928,6144.0,Mid Tier,LGA,DDR3,1
4.0,22.0,2500.0,45.0,71.45,80813,6144.0,Mid Tier,LGA,DDR3,1
4.0,22.0,3300.0,84.0,72.72,80815,6144.0,Mid Tier,LGA,DDR3,1
4.0,22.0,3000.0,65.0,71.35,80816,6144.0,Mid Tier,LGA,DDR3,1
4.0,22.0,3200.0,84.0,72.72,80817,6144.0,Mid Tier,LGA,DDR3,1
4.0,22.0,2900.0,65.0,71.35,80818,6144.0,Mid Tier,LGA,DDR3,1
4.0,22.0,3200.0,65.0,71.35,80812,6144.0,Mid Tier,LGA,DDR3,1
4.0,22.0,3500.0,88.0,72.72,80811,6144.0,Mid Tier,LGA,DDR3,1
2.0,22.0,2800.0,28.0,100.0,75992,4096.0,Mid Tier,BGA,DDR3,1
2.0,22.0,1700.0,15.0,100.0,75114,4096.0,Mid Tier,BGA,DDR3,1
2.0,22.0,1500.0,15.0,100.0,75112,4096.0,Mid Tier,BGA,DDR3,1
4.0,22.0,3200.0,65.0,100.0,76642,6144.0,Mid Tier,BGA,DDR3,1
4.0,22.0,2400.0,47.0,100.0,76085,6144.0,Mid Tier,BGA,DDR3,1
4.0,22.0,2300.0,47.0,100.0,76086,6144.0,Mid Tier,BGA,DDR3,1
4.0,22.0,2000.0,47.0,100.0,76087,6144.0,Mid Tier,BGA,DDR3,1
4.0,22.0,1600.0,47.0,100.0,76299,6144.0,Mid Tier,BGA,DDR3,1
4.0,22.0,1800.0,47.0,100.0,76298,6144.0,Mid Tier,BGA,DDR3,1
2.0,22.0,1700.0,11.5,100.0,76618,4096.0,Mid Tier,BGA,DDR3,1
2.0,22.0,2100.0,15.0,100.0,76616,4096.0,Mid Tier,BGA,DDR3,1
2.0,22.0,2900.0,37.0,100.0,76349,4096.0,Mid Tier,FCPGA,DDR3,1
4.0,22.0,3500.0,84.0,72.0,77656,8192.0,Mid Tier,LGA,DDR3,1
4.0,22.0,2600.0,47.0,100.0,76088,6144.0,Mid Tier,BGA,DDR3,1
4.0,22.0,2400.0,47.0,100.0,76297,6144.0,Mid Tier,BGA,DDR3,1
2.0,22.0,2900.0,47.0,100.0,78929,3072.0,Mid Tier,BGA,DDR3,1
2.0,22.0,2600.0,28.0,100.0,83508,3072.0,Mid Tier,BGA,DDR3,1
2.0,22.0,2800.0,28.0,100.0,83507,3072.0,Mid Tier,BGA,DDR3,1
2.0,14.0,2300.0,15.0,105.0,85213,3072.0,Mid Tier,BGA,DDR3,1
2.0,14.0,2200.0,15.0,105.0,85212,3072.0,Mid Tier,BGA,DDR3,1
2.0,14.0,1800.0,15.0,105.0,84990,3072.0,Mid Tier,BGA,DDR3,1
2.0,14.0,2900.0,28.0,105.0,84988,3072.0,Mid Tier,BGA,DDR3,1
2.0,14.0,1600.0,15.0,105.0,84984,3072.0,Mid Tier,BGA,DDR3,1
2.0,14.0,2700.0,28.0,105.0,84985,3072.0,Mid Tier,BGA,DDR3,1
2.0,14.0,3100.0,47.0,105.0,87713,4096.0,Mid Tier,BGA,DDR3,1
4.0,14.0,2800.0,65.0,100.0,87714,4096.0,Mid Tier,BGA,DDR3,1
4.0,14.0,3100.0,65.0,100.0,87715,4096.0,Mid Tier,BGA,DDR3,1
8.0,14.0,3400.0,155.0,100.0,125096,25600.0,High Tier,LGA,DDR4,1
8.0,14.0,3900.0,205.0,100.0,125092,25600.0,High Tier,LGA,DDR4,1
16.0,14.0,2800.0,205.0,74.0,125089,22528.0,High Tier,LGA,DDR4,1
14.0,14.0,2000.0,105.0,100.0,122460,19712.0,High Tier,LGA,DDR4,1
14.0,14.0,2600.0,140.0,86.0,123541,19712.0,High Tier,LGA,DDR4,1
20.0,14.0,2000.0,125.0,94.0,123542,28160.0,High Tier,LGA,DDR4,1
16.0,14.0,2100.0,125.0,92.0,123545,22528.0,High Tier,LGA,DDR4,1
12.0,14.0,2600.0,125.0,89.0,123548,19712.0,High Tier,LGA,DDR4,1
16.0,14.0,2600.0,160.0,87.0,123685,22528.0,High Tier,LGA,DDR4,1
20.0,14.0,2000.0,135.0,87.0,123686,28160.0,High Tier,LGA,DDR4,1
4.0,22.0,2900.0,47.0,100.0,78939,8192.0,Mid Tier,FCPGA,DDR3,1
4.0,22.0,2400.0,47.0,100.0,76089,6144.0,Mid Tier,BGA,DDR3,1
4.0,22.0,2000.0,27.0,100.0,75556,8192.0,Mid Tier,BGA,DDR3,1
4.0,22.0,2700.0,43.0,100.0,75555,8192.0,Mid Tier,BGA,DDR3,1
4.0,22.0,2500.0,47.0,100.0,78930,6144.0,Mid Tier,BGA,DDR3,1
4.0,22.0,2500.0,47.0,100.0,78931,6144.0,Mid Tier,FCPGA,DDR3,1
4.0,22.0,2300.0,37.0,100.0,78932,6144.0,Mid Tier,BGA,DDR3,1
4.0,22.0,2300.0,37.0,100.0,78933,6144.0,Mid Tier,FCPGA,DDR3,1
4.0,22.0,2100.0,47.0,100.0,76090,6144.0,Mid Tier,BGA,DDR3,1
2.0,22.0,2000.0,15.0,100.0,81015,4096.0,Mid Tier,BGA,DDR3,1
4.0,22.0,3600.0,84.0,72.72,80806,8192.0,Mid Tier,LGA,DDR3,1
4.0,22.0,3200.0,65.0,71.35,80808,8192.0,Mid Tier,LGA,DDR3,1
4.0,22.0,2700.0,45.0,71.45,80809,8192.0,Mid Tier,LGA,DDR3,1
4.0,22.0,2200.0,35.0,66.35,80814,8192.0,Mid Tier,LGA,DDR3,1
4.0,22.0,4000.0,88.0,74.04,80807,8192.0,Mid Tier,LGA,DDR3,1
4.0,22.0,2500.0,47.0,100.0,83504,6144.0,Mid Tier,BGA,DDR3,1
2.0,22.0,3000.0,28.0,100.0,83506,4096.0,Mid Tier,BGA,DDR3,1
4.0,22.0,2200.0,47.0,100.0,83505,6144.0,Mid Tier,BGA,DDR3,1
4.0,22.0,2800.0,47.0,100.0,83503,6144.0,Mid Tier,BGA,DDR3,1
4.0,14.0,3100.0,65.0,100.0,88095,4096.0,Mid Tier,LGA,DDR3,1
4.0,14.0,3500.0,91.0,64.0,88191,6144.0,Mid Tier,LGA,DDR3,1
4.0,14.0,3300.0,65.0,71.0,88188,6144.0,Mid Tier,LGA,DDR3,1
4.0,14.0,2200.0,35.0,66.0,88187,6144.0,Mid Tier,LGA,DDR3,1
4.0,14.0,2700.0,65.0,71.0,88185,6144.0,Mid Tier,LGA,DDR3,1
4.0,14.0,2500.0,35.0,66.0,88183,6144.0,Mid Tier,LGA,DDR3,1
4.0,14.0,2700.0,35.0,66.0,88189,6144.0,Mid Tier,LGA,DDR3,1
4.0,14.0,3200.0,65.0,71.0,88184,6144.0,Mid Tier,LGA,DDR3,1
2.0,14.0,2900.0,28.0,100.0,91166,4096.0,Mid Tier,BGA,DDR3,1
2.0,14.0,1800.0,15.0,100.0,91160,4096.0,Mid Tier,BGA,DDR3,1
2.0,14.0,2000.0,15.0,100.0,91156,4096.0,Mid Tier,BGA,DDR3,1
4.0,14.0,2600.0,45.0,100.0,88962,6144.0,Mid Tier,BGA,DDR3,1
4.0,14.0,2300.0,45.0,100.0,88959,6144.0,Mid Tier,BGA,DDR3,1
2.0,14.0,2400.0,15.0,100.0,88190,3072.0,Mid Tier,BGA,DDR3,1
2.0,14.0,2300.0,15.0,100.0,88193,3072.0,Mid Tier,BGA,DDR3,1
2.0,14.0,3100.0,28.0,100.0,91164,4096.0,Mid Tier,BGA,DDR3,1
4.0,14.0,2700.0,45.0,100.0,90425,6144.0,Mid Tier,BGA,DDR3,1
4.0,14.0,1900.0,25.0,100.0,90617,6144.0,Mid Tier,BGA,DDR3,1
4.0,14.0,2300.0,35.0,100.0,88186,6144.0,Mid Tier,LGA,DDR3,1
16.0,14.0,2100.0,135.0,87.0,123688,22528.0,High Tier,LGA,DDR4,1
18.0,14.0,3000.0,200.0,82.0,120495,25344.0,High Tier,LGA,DDR4,1
20.0,14.0,2400.0,160.0,87.0,123690,28160.0,High Tier,LGA,DDR4,1
12.0,14.0,3200.0,165.0,76.0,124942,25344.0,High Tier,LGA,DDR4,1
8.0,14.0,3500.0,150.0,75.0,124943,25344.0,High Tier,LGA,DDR4,1
14.0,14.0,2000.0,113.0,81.0,124944,19712.0,High Tier,LGA,DDR4,1
14.0,14.0,1900.0,85.0,90.0,126154,19712.0,High Tier,LGA,DDR4,1
12.0,14.0,2600.0,135.0,86.0,123689,19712.0,High Tier,LGA,DDR4,1
14.0,14.0,2200.0,105.0,81.0,120474,19712.0,High Tier,LGA,DDR4,1
12.0,14.0,2300.0,105.0,81.0,120473,16896.0,High Tier,LGA,DDR4,1
4.0,14.0,3600.0,105.0,71.0,120475,16896.0,High Tier,LGA,DDR4,1
20.0,14.0,2000.0,125.0,86.0,120476,28160.0,High Tier,LGA,DDR4,1
14.0,14.0,2200.0,105.0,89.0,120477,19712.0,High Tier,LGA,DDR4,1
12.0,14.0,3000.0,150.0,85.0,120479,25344.0,High Tier,LGA,DDR4,1
6.0,14.0,3400.0,115.0,74.0,120482,19712.0,High Tier,LGA,DDR4,1
12.0,14.0,2600.0,125.0,86.0,120483,19712.0,High Tier,LGA,DDR4,1
18.0,14.0,2300.0,140.0,91.0,120485,25344.0,High Tier,LGA,DDR4,1
18.0,14.0,2300.0,140.0,91.0,120486,25344.0,High Tier,LGA,DDR4,1
4.0,14.0,2600.0,47.0,105.0,88093,6144.0,Mid Tier,BGA,DDR3,1
4.0,14.0,3300.0,65.0,100.0,88040,6144.0,Mid Tier,LGA,DDR3,1
4.0,14.0,2700.0,47.0,105.0,87719,6144.0,Mid Tier,BGA,DDR3,1
4.0,14.0,3300.0,65.0,100.0,87718,6144.0,Mid Tier,BGA,DDR3,1
4.0,14.0,2500.0,47.0,105.0,87717,6144.0,Mid Tier,BGA,DDR3,1
4.0,14.0,2700.0,47.0,105.0,87716,6144.0,Mid Tier,BGA,DDR3,1
4.0,14.0,2900.0,47.0,105.0,87720,6144.0,Mid Tier,BGA,DDR3,1
2.0,14.0,3300.0,28.0,100.0,91167,4096.0,Mid Tier,BGA,DDR3,1
4.0,14.0,4000.0,91.0,64.0,88195,8192.0,Mid Tier,LGA,DDR3,1
4.0,22.0,2000.0,10.0,100.0,76530,2048.0,Low Tier,BGA,DDR3,1
2.0,22.0,2410.0,10.0,100.0,76531,1024.0,Low Tier,BGA,DDR3,1
4.0,22.0,2000.0,10.0,105.0,78867,2048.0,Low Tier,BGA,DDR3,1
2.0,22.0,2410.0,10.0,105.0,78866,1024.0,Low Tier,BGA,DDR3,1
4.0,14.0,1600.0,6.0,90.0,91533,2048.0,Low Tier,BGA,DDR3,1
2.0,14.0,1600.0,6.0,90.0,91534,2048.0,Low Tier,BGA,DDR3,1
2.0,14.0,2000.0,10.0,105.0,95597,2048.0,Low Tier,BGA,DDR3,1
4.0,14.0,1500.0,10.0,105.0,95594,2048.0,Low Tier,BGA,DDR3,1
4.0,14.0,1500.0,10.0,105.0,128989,4096.0,Low Tier,BGA,LPDDR4,1
4.0,14.0,2800.0,65.0,71.0,93277,6144.0,Mid Tier,LGA,DDR3,1
4.0,14.0,2300.0,45.0,100.0,93335,6144.0,Mid Tier,BGA,DDR3,1
2.0,14.0,2500.0,15.0,100.0,95443,3072.0,Mid Tier,BGA,DDR3,1
2.0,14.0,1200.0,4.5,100.0,95452,4096.0,Mid Tier,BGA,DDR3,1
2.0,14.0,2300.0,15.0,100.0,97535,4096.0,Mid Tier,BGA,DDR3,1
4.0,14.0,2100.0,25.0,100.0,97532,6144.0,Mid Tier,BGA,DDR4,1
4.0,14.0,2900.0,45.0,100.0,97523,6144.0,Mid Tier,BGA,DDR4,1
2.0,14.0,2600.0,15.0,100.0,97472,3072.0,Mid Tier,BGA,DDR3,1
2.0,14.0,1200.0,4.5,100.0,97461,4096.0,Mid Tier,BGA,DDR3,1
2.0,14.0,2200.0,15.0,100.0,97539,4096.0,Mid Tier,BGA,DDR3,1
4.0,14.0,2500.0,45.0,100.0,97456,6144.0,Mid Tier,BGA,DDR3,1
4.0,14.0,2400.0,35.0,80.0,97184,6144.0,Mid Tier,LGA,DDR3,1
4.0,14.0,2800.0,35.0,80.0,97183,6144.0,Mid Tier,LGA,DDR3,1
4.0,14.0,3500.0,65.0,100.0,97150,6144.0,Mid Tier,LGA,DDR3,1
16.0,14.0,2600.0,150.0,85.0,120487,22528.0,High Tier,LGA,DDR4,1
16.0,14.0,2600.0,150.0,85.0,120488,22528.0,High Tier,LGA,DDR4,1
20.0,14.0,2400.0,150.0,86.0,120489,28160.0,High Tier,LGA,DDR4,1
18.0,14.0,2700.0,165.0,89.0,120490,25344.0,High Tier,LGA,DDR4,1
22.0,14.0,2100.0,140.0,92.0,120491,30976.0,High Tier,LGA,DDR4,1
16.0,14.0,2100.0,125.0,87.0,120492,22528.0,High Tier,LGA,DDR4,1
8.0,14.0,3200.0,130.0,79.0,120493,25344.0,High Tier,LGA,DDR4,1
8.0,14.0,3200.0,130.0,79.0,120494,25344.0,High Tier,LGA,DDR4,1
10.0,14.0,2400.0,85.0,76.0,120484,14080.0,High Tier,LGA,DDR4,1
20.0,14.0,1800.0,120.0,100.0,136872,28672.0,High Tier,LGA,DDR4,1
16.0,14.0,2300.0,120.0,100.0,125090,22528.0,High Tier,LGA,DDR4,1
20.0,14.0,2000.0,195.0,100.0,139940,28160.0,High Tier,LGA,DDR4,1
24.0,14.0,1900.0,150.0,100.0,136869,33792.0,High Tier,LGA,DDR4,1
24.0,14.0,2400.0,165.0,90.0,192453,36608.0,High Tier,LGA,DDR4,1
20.0,14.0,2500.0,150.0,86.0,192452,28160.0,High Tier,LGA,DDR4,1
18.0,14.0,3100.0,200.0,82.0,192451,25344.0,High Tier,LGA,DDR4,1
20.0,14.0,2300.0,125.0,78.0,192450,28160.0,High Tier,LGA,DDR4,1
2.0,22.0,1700.0,15.0,100.0,75107,3072.0,Mid Tier,BGA,DDR3,1
2.0,22.0,1800.0,15.0,100.0,75110,3072.0,Mid Tier,BGA,DDR3,1
2.0,22.0,1300.0,11.5,100.0,75988,3072.0,Mid Tier,BGA,DDR3,1
2.0,22.0,2000.0,28.0,100.0,75989,3072.0,Mid Tier,BGA,DDR3,1
2.0,22.0,2400.0,35.0,72.0,77778,4096.0,Mid Tier,LGA,DDR3,1
2.0,22.0,3600.0,54.0,66.8,77771,4096.0,Mid Tier,LGA,DDR3,1
2.0,22.0,3000.0,35.0,66.4,77770,4096.0,Mid Tier,LGA,DDR3,1
2.0,22.0,3500.0,54.0,66.8,77769,4096.0,Mid Tier,LGA,DDR3,1
4.0,14.0,2800.0,35.0,66.0,88200,8192.0,Mid Tier,LGA,DDR3,1
2.0,14.0,2200.0,15.0,100.0,91497,4096.0,Mid Tier,BGA,DDR3,1
2.0,14.0,2600.0,15.0,100.0,88192,4096.0,Mid Tier,BGA,DDR3,1
4.0,14.0,2900.0,45.0,100.0,88972,8192.0,Mid Tier,BGA,DDR3,1
4.0,14.0,2700.0,45.0,100.0,88970,8192.0,Mid Tier,BGA,DDR3,1
4.0,14.0,2700.0,45.0,100.0,88969,8192.0,Mid Tier,BGA,DDR3,1
4.0,14.0,2600.0,45.0,100.0,88967,6144.0,Mid Tier,BGA,DDR3,1
2.0,14.0,2500.0,15.0,100.0,88194,4096.0,Mid Tier,BGA,DDR3,1
4.0,14.0,2800.0,45.0,100.0,90426,8192.0,Mid Tier,BGA,DDR3,1
4.0,14.0,2000.0,25.0,100.0,90615,8192.0,Mid Tier,BGA,DDR3,1
4.0,14.0,2400.0,35.0,100.0,88201,8192.0,Mid Tier,LGA,DDR3,1
4.0,14.0,2800.0,45.0,100.0,93336,8192.0,Mid Tier,BGA,DDR3,1
4.0,14.0,2700.0,45.0,100.0,93340,8192.0,Mid Tier,BGA,DDR3,1
4.0,14.0,2600.0,45.0,100.0,93341,6144.0,Mid Tier,BGA,DDR3,1
2.0,14.0,2400.0,15.0,100.0,91169,4096.0,Mid Tier,BGA,DDR3,1
2.0,14.0,2000.0,10.0,105.0,128992,4096.0,Low Tier,BGA,LPDDR4,1
4.0,14.0,1800.0,10.0,105.0,192635,4096.0,Low Tier,BGA,LPDDR4,1
4.0,14.0,2000.0,10.0,105.0,197305,4096.0,Low Tier,BGA,LPDDR4,1
2.0,14.0,2000.0,10.0,105.0,197307,4096.0,Low Tier,BGA,LPDDR4,1
4.0,10.0,1800.0,10.0,70.0,207909,1536.0,Low Tier,BGA,LPDDR4,1
4.0,10.0,2000.0,10.0,70.0,214758,1536.0,Low Tier,BGA,LPDDR4,1
4.0,22.0,1600.0,7.5,100.0,76752,2048.0,Low Tier,BGA,DDR3,1
2.0,22.0,2000.0,7.5,100.0,76753,1024.0,Low Tier,BGA,DDR3,1
2.0,22.0,1460.0,4.3,80.0,76754,1024.0,Low Tier,BGA,DDR3,1
2.0,22.0,1600.0,4.5,105.0,79050,1024.0,Low Tier,BGA,DDR3,1
2.0,22.0,1860.0,7.5,105.0,79051,1024.0,Low Tier,BGA,DDR3,1
2.0,22.0,2130.0,7.5,105.0,79052,1024.0,Low Tier,BGA,DDR3,1
4.0,22.0,1830.0,7.5,100.0,81073,2048.0,Low Tier,BGA,DDR3,1
2.0,22.0,2160.0,7.5,100.0,81071,1024.0,Low Tier,BGA,DDR3,1
2.0,22.0,1580.0,4.3,105.0,81072,1024.0,Low Tier,BGA,DDR3,1
4.0,22.0,1830.0,7.5,100.0,82104,2048.0,Low Tier,BGA,DDR3,1
4.0,14.0,3000.0,65.0,100.0,97147,6144.0,Mid Tier,LGA,DDR3,1
4.0,14.0,3800.0,91.0,100.0,97144,6144.0,Mid Tier,LGA,DDR3,1
4.0,14.0,3400.0,65.0,100.0,97123,6144.0,Mid Tier,LGA,DDR3,1
4.0,14.0,2700.0,35.0,80.0,97121,6144.0,Mid Tier,LGA,DDR3,1
4.0,14.0,1600.0,15.0,100.0,124967,6144.0,Mid Tier,Other,DDR3,1
4.0,14.0,1700.0,15.0,100.0,124969,6144.0,Mid Tier,Other,DDR3,1
6.0,14.0,3600.0,95.0,100.0,126685,9216.0,Mid Tier,LGA,DDR4,1
6.0,14.0,2800.0,65.0,100.0,126687,9216.0,Mid Tier,LGA,DDR4,1
4.0,14.0,2800.0,54.0,100.0,130408,6144.0,Mid Tier,Other,DDR4,1
6.0,14.0,3000.0,65.0,100.0,140643,9216.0,Mid Tier,LGA,DDR4,1
4.0,14.0,2600.0,28.0,100.0,137980,6144.0,Mid Tier,BGA,DDR3,1
4.0,14.0,2300.0,28.0,100.0,135935,6144.0,Mid Tier,BGA,DDR3,1
6.0,14.0,3000.0,65.0,100.0,134892,9216.0,Mid Tier,BGA,DDR4,1
6.0,14.0,2800.0,65.0,100.0,134888,9216.0,Mid Tier,BGA,DDR4,1
4.0,14.0,2500.0,45.0,100.0,134877,8192.0,Mid Tier,BGA,DDR3,1
4.0,14.0,2300.0,45.0,100.0,134876,8192.0,Mid Tier,BGA,DDR3,1
18.0,14.0,2600.0,150.0,74.0,192448,25344.0,High Tier,LGA,DDR4,1
24.0,14.0,2100.0,150.0,86.0,192447,36608.0,High Tier,LGA,DDR4,1
20.0,14.0,2500.0,150.0,86.0,192446,28160.0,High Tier,LGA,DDR4,1
4.0,14.0,3800.0,105.0,72.0,192445,16896.0,High Tier,LGA,DDR4,1
16.0,14.0,2300.0,125.0,87.0,192444,22528.0,High Tier,LGA,DDR4,1
18.0,14.0,2600.0,150.0,85.0,192443,25344.0,High Tier,LGA,DDR4,1
8.0,14.0,3600.0,150.0,74.0,192442,25344.0,High Tier,LGA,DDR4,1
16.0,14.0,2800.0,150.0,85.0,192440,22528.0,High Tier,LGA,DDR4,1
22.0,14.0,1900.0,125.0,90.0,192439,30976.0,High Tier,LGA,DDR4,1
20.0,14.0,2100.0,125.0,87.0,192437,28160.0,High Tier,LGA,DDR4,1
22.0,14.0,3200.0,240.0,65.0,192458,30976.0,High Tier,LGA,DDR4,1
2.0,22.0,2900.0,35.0,66.4,77481,3072.0,Mid Tier,LGA,DDR3,1
2.0,22.0,3400.0,54.0,72.0,77480,3072.0,Mid Tier,LGA,DDR3,1
2.0,22.0,1500.0,11.5,100.0,76609,3072.0,Mid Tier,BGA,DDR3,1
2.0,22.0,1500.0,11.5,100.0,76608,3072.0,Mid Tier,BGA,DDR3,1
2.0,22.0,2500.0,37.0,100.0,76346,3072.0,Mid Tier,FCPGA,DDR3,1
2.0,22.0,1600.0,25.0,100.0,76294,3072.0,Mid Tier,BGA,DDR3,1
2.0,22.0,2400.0,37.0,100.0,76293,3072.0,Mid Tier,BGA,DDR3,1
2.0,22.0,1700.0,15.0,100.0,75105,3072.0,Mid Tier,BGA,DDR3,1
2.0,22.0,2400.0,37.0,100.0,75104,3072.0,Mid Tier,FCPGA,DDR3,1
2.0,22.0,1600.0,11.5,100.0,81021,3072.0,Mid Tier,BGA,DDR3,1
2.0,22.0,2600.0,37.0,100.0,79197,3072.0,Mid Tier,BGA,DDR3,1
2.0,22.0,1800.0,25.0,100.0,79198,3072.0,Mid Tier,BGA,DDR3,1
2.0,22.0,2000.0,15.0,100.0,81017,3072.0,Mid Tier,BGA,DDR3,1
2.0,22.0,1900.0,15.0,100.0,81018,3072.0,Mid Tier,BGA,DDR3,1
2.0,22.0,1900.0,15.0,100.0,81019,3072.0,Mid Tier,BGA,DDR3,1
2.0,22.0,2600.0,37.0,100.0,77483,3072.0,Mid Tier,FCPGA,DDR3,1
2.0,22.0,3600.0,54.0,72.0,77491,4096.0,Mid Tier,LGA,DDR3,1
2.0,22.0,3700.0,54.0,72.0,77493,4096.0,Mid Tier,LGA,DDR3,1
2.0,22.0,2600.0,35.0,72.0,80918,4096.0,Mid Tier,LGA,DDR3,1
2.0,14.0,1300.0,4.5,100.0,95441,4096.0,Mid Tier,BGA,DDR3,1
2.0,14.0,2700.0,15.0,100.0,95451,4096.0,Mid Tier,BGA,DDR3,1
4.0,14.0,2900.0,35.0,80.0,97122,8192.0,Mid Tier,LGA,DDR3,1
4.0,14.0,3000.0,45.0,100.0,97127,8192.0,Mid Tier,BGA,DDR4,1
4.0,14.0,3600.0,65.0,100.0,97128,8192.0,Mid Tier,LGA,DDR3,1
4.0,14.0,4200.0,91.0,100.0,97129,8192.0,Mid Tier,LGA,DDR3,1
4.0,14.0,2800.0,45.0,100.0,97185,6144.0,Mid Tier,BGA,DDR3,1
4.0,14.0,3100.0,45.0,100.0,97462,8192.0,Mid Tier,BGA,DDR3,1
4.0,14.0,2900.0,45.0,100.0,97464,8192.0,Mid Tier,BGA,DDR3,1
2.0,14.0,2800.0,15.0,100.0,97466,4096.0,Mid Tier,BGA,DDR3,1
4.0,14.0,2900.0,45.0,100.0,97496,8192.0,Mid Tier,BGA,DDR3,1
2.0,14.0,2500.0,15.0,100.0,97537,4096.0,Mid Tier,BGA,DDR3,1
2.0,14.0,2400.0,15.0,100.0,97540,4096.0,Mid Tier,BGA,DDR3,1
4.0,14.0,1800.0,15.0,100.0,122589,8192.0,Mid Tier,Other,DDR3,1
4.0,14.0,1900.0,15.0,100.0,124968,8192.0,Mid Tier,Other,DDR3,1
6.0,14.0,3700.0,95.0,100.0,126684,12288.0,Mid Tier,LGA,DDR4,1
6.0,14.0,3200.0,65.0,100.0,126686,12288.0,Mid Tier,LGA,DDR4,1
4.0,14.0,3100.0,54.0,100.0,130406,8192.0,Mid Tier,Other,DDR4,1
2.0,22.0,2160.0,7.5,100.0,82103,1024.0,Low Tier,BGA,DDR3,1
2.0,22.0,1580.0,4.5,100.0,82102,1024.0,Low Tier,BGA,DDR3,1
2.0,14.0,1600.0,6.0,90.0,87257,2048.0,Low Tier,BGA,DDR3,1
4.0,14.0,1600.0,6.0,90.0,87258,2048.0,Low Tier,BGA,DDR3,1
2.0,14.0,1040.0,4.0,90.0,87259,2048.0,Low Tier,BGA,DDR3,1
2.0,14.0,1600.0,6.0,90.0,91832,2048.0,Low Tier,BGA,DDR3,1
4.0,14.0,1600.0,6.0,90.0,91831,2048.0,Low Tier,BGA,DDR3,1
2.0,14.0,1040.0,4.0,90.0,91710,2048.0,Low Tier,BGA,DDR3,1
4.0,14.0,1100.0,6.0,105.0,95596,2048.0,Low Tier,BGA,DDR3,1
2.0,14.0,1100.0,6.0,105.0,95598,2048.0,Low Tier,BGA,DDR3,1
4.0,14.0,1100.0,6.0,105.0,128983,4096.0,Low Tier,BGA,LPDDR4,1
2.0,14.0,1100.0,6.0,105.0,128988,4096.0,Low Tier,BGA,LPDDR4,1
4.0,14.0,1100.0,6.0,105.0,197309,4096.0,Low Tier,BGA,LPDDR4,1
2.0,14.0,1100.0,6.0,105.0,197310,4096.0,Low Tier,BGA,LPDDR4,1
2.0,14.0,1100.0,6.0,105.0,199892,4096.0,Low Tier,BGA,LPDDR4,1
2.0,10.0,1200.0,6.5,70.0,207898,1536.0,Low Tier,BGA,LPDDR4,1
4.0,10.0,2000.0,15.0,105.0,212322,4096.0,Low Tier,BGA,LPDDR4,1
2.0,10.0,2000.0,10.0,105.0,212324,4096.0,Low Tier,BGA,LPDDR4,1
2.0,10.0,1100.0,6.0,105.0,212326,4096.0,Low Tier,BGA,LPDDR4,1
6.0,14.0,2100.0,35.0,100.0,129941,9216.0,Mid Tier,LGA,DDR4,1
6.0,14.0,3100.0,65.0,100.0,129937,9216.0,Mid Tier,LGA,DDR4,1
6.0,14.0,2800.0,65.0,100.0,140644,9216.0,Mid Tier,LGA,DDR4,1
6.0,14.0,1700.0,35.0,100.0,129940,9216.0,Mid Tier,LGA,DDR4,1
6.0,14.0,3000.0,65.0,100.0,129939,9216.0,Mid Tier,LGA,DDR4,1
6.0,14.0,2300.0,35.0,100.0,129938,9216.0,Mid Tier,LGA,DDR4,1
4.0,14.0,2800.0,54.0,100.0,148964,6144.0,Mid Tier,Other,DDR4,1
4.0,14.0,1600.0,15.0,100.0,149088,6144.0,Mid Tier,BGA,DDR3,1
2.0,14.0,1300.0,5.0,100.0,185280,4096.0,Mid Tier,BGA,DDR3,1
2.0,14.0,1600.0,7.0,100.0,189912,4096.0,Mid Tier,BGA,DDR3,1
2.0,14.0,1600.0,7.0,100.0,194697,4096.0,Mid Tier,BGA,DDR3,1
4.0,14.0,1600.0,15.0,100.0,193555,6144.0,Mid Tier,BGA,DDR3,1
4.0,14.0,2400.0,28.0,100.0,191070,6144.0,Mid Tier,BGA,DDR3,1
4.0,14.0,1600.0,15.0,100.0,193559,6144.0,Mid Tier,BGA,DDR3,1
4.0,14.0,1400.0,15.0,100.0,191067,6144.0,Mid Tier,BGA,DDR3,1
6.0,14.0,3700.0,95.0,100.0,134896,9216.0,Mid Tier,LGA,DDR4,1
6.0,14.0,2900.0,65.0,100.0,190883,9216.0,Mid Tier,LGA,DDR4,1
6.0,14.0,3700.0,95.0,100.0,190884,9216.0,Mid Tier,LGA,DDR4,1
6.0,14.0,2900.0,65.0,100.0,134898,9216.0,Mid Tier,LGA,DDR4,1
18.0,14.0,2200.0,125.0,87.0,193388,25344.0,High Tier,LGA,DDR4,1
24.0,14.0,1900.0,135.0,91.0,193972,33792.0,High Tier,LGA,DDR4,1
20.0,14.0,2100.0,125.0,87.0,193971,28160.0,High Tier,LGA,DDR4,1
18.0,14.0,1900.0,105.0,93.0,193970,25344.0,High Tier,LGA,DDR4,1
12.0,14.0,3300.0,165.0,76.0,193969,25344.0,High Tier,LGA,DDR4,1
20.0,14.0,1800.0,115.0,83.0,193962,28160.0,High Tier,LGA,DDR4,1
18.0,14.0,2600.0,150.0,85.0,193959,25344.0,High Tier,LGA,DDR4,1
22.0,14.0,2100.0,140.0,92.0,193958,30976.0,High Tier,LGA,DDR4,1
12.0,14.0,2700.0,125.0,86.0,193957,19712.0,High Tier,LGA,DDR4,1
8.0,14.0,3300.0,130.0,79.0,193954,25344.0,High Tier,LGA,DDR4,1
16.0,14.0,2100.0,105.0,93.0,193953,22528.0,High Tier,LGA,DDR4,1
20.0,14.0,2100.0,125.0,92.0,193952,28160.0,High Tier,LGA,DDR4,1
24.0,14.0,2300.0,150.0,74.0,193951,36608.0,High Tier,LGA,DDR4,1
18.0,14.0,2700.0,125.0,87.0,193950,25344.0,High Tier,LGA,DDR4,1
22.0,14.0,2100.0,140.0,92.0,193949,30976.0,High Tier,LGA,DDR4,1
16.0,14.0,2300.0,125.0,87.0,193564,22528.0,High Tier,LGA,DDR4,1
16.0,14.0,2300.0,110.0,81.0,193397,22528.0,High Tier,LGA,DDR4,1
8.0,14.0,3000.0,115.0,79.0,193396,11264.0,High Tier,LGA,DDR4,1
10.0,14.0,2500.0,85.0,77.0,193393,14080.0,High Tier,LGA,DDR4,1
10.0,14.0,2500.0,85.0,77.0,193391,14080.0,High Tier,LGA,DDR4,1
28.0,14.0,2100.0,173.0,87.0,125056,39424.0,High Tier,LGA,DDR4,1
24.0,14.0,2100.0,160.0,87.0,123687,33792.0,High Tier,LGA,DDR4,1
24.0,14.0,2100.0,150.0,93.0,123543,33792.0,High Tier,LGA,DDR4,1
28.0,14.0,2100.0,165.0,89.0,120508,39424.0,High Tier,LGA,DDR4,1
26.0,14.0,2100.0,165.0,89.0,120507,36608.0,High Tier,LGA,DDR4,1
26.0,14.0,2100.0,165.0,89.0,120506,36608.0,High Tier,LGA,DDR4,1
28.0,14.0,2100.0,165.0,89.0,120505,39424.0,High Tier,LGA,DDR4,1
24.0,14.0,2700.0,205.0,85.0,120504,33792.0,High Tier,LGA,DDR4,1
26.0,14.0,2000.0,150.0,85.0,120503,36608.0,High Tier,LGA,DDR4,1
24.0,14.0,2100.0,150.0,85.0,120502,33792.0,High Tier,LGA,DDR4,1
24.0,14.0,2100.0,150.0,85.0,120501,33792.0,High Tier,LGA,DDR4,1
12.0,14.0,3000.0,150.0,85.0,120500,25344.0,High Tier,LGA,DDR4,1
4.0,14.0,3600.0,105.0,71.0,120499,16896.0,High Tier,LGA,DDR4,1
28.0,14.0,2500.0,205.0,84.0,120498,39424.0,High Tier,LGA,DDR4,1
28.0,14.0,2500.0,205.0,84.0,120496,39424.0,High Tier,LGA,DDR4,1
16.0,14.0,2000.0,125.0,87.0,120497,22528.0,High Tier,LGA,DDR4,1
2.0,22.0,3000.0,35.0,66.4,77487,3072.0,Mid Tier,LGA,DDR3,1
2.0,22.0,3500.0,54.0,72.0,77486,3072.0,Mid Tier,LGA,DDR3,1
2.0,22.0,3100.0,35.0,66.4,77492,4096.0,Mid Tier,LGA,DDR3,1
2.0,22.0,3200.0,35.0,66.4,77494,4096.0,Mid Tier,LGA,DDR3,1
2.0,22.0,3800.0,54.0,66.4,77495,4096.0,Mid Tier,LGA,DDR3,1
2.0,22.0,3100.0,35.0,66.4,77489,3072.0,Mid Tier,LGA,DDR3,1
2.0,22.0,3600.0,54.0,72.0,77488,3072.0,Mid Tier,LGA,DDR3,1
2.0,22.0,3700.0,54.0,72.0,77490,3072.0,Mid Tier,LGA,DDR3,1
2.0,22.0,3300.0,35.0,66.4,81207,4096.0,Mid Tier,LGA,DDR3,1
2.0,22.0,3200.0,35.0,66.4,81209,3072.0,Mid Tier,LGA,DDR3,1
2.0,14.0,2100.0,15.0,105.0,84697,3072.0,Mid Tier,BGA,DDR3,1
2.0,14.0,2000.0,15.0,105.0,84695,3072.0,Mid Tier,BGA,DDR3,1
2.0,14.0,2500.0,28.0,105.0,84982,3072.0,Mid Tier,BGA,DDR3,1
2.0,14.0,2100.0,15.0,105.0,84698,3072.0,Mid Tier,BGA,DDR3,1
2.0,14.0,2200.0,15.0,105.0,84699,3072.0,Mid Tier,BGA,DDR3,1
2.0,14.0,3800.0,51.0,65.0,90731,4096.0,Mid Tier,LGA,DDR3,1
2.0,14.0,3900.0,51.0,65.0,90733,4096.0,Mid Tier,LGA,DDR3,1
2.0,14.0,3200.0,35.0,66.0,90734,3072.0,Mid Tier,LGA,DDR3,1
4.0,14.0,3100.0,54.0,100.0,130409,8192.0,Mid Tier,Other,DDR4,1
4.0,14.0,3100.0,54.0,100.0,130411,8192.0,Mid Tier,Other,DDR4,1
4.0,14.0,2700.0,28.0,100.0,137979,8192.0,Mid Tier,BGA,DDR3,1
6.0,14.0,2200.0,45.0,100.0,134906,9216.0,Mid Tier,BGA,DDR3,1
6.0,14.0,3200.0,65.0,100.0,134905,12288.0,Mid Tier,BGA,DDR4,1
6.0,14.0,2600.0,45.0,100.0,134899,9216.0,Mid Tier,BGA,DDR3,1
6.0,14.0,2400.0,35.0,100.0,129948,12288.0,Mid Tier,LGA,DDR4,1
6.0,14.0,3200.0,65.0,100.0,140642,12288.0,Mid Tier,LGA,DDR4,1
4.0,10.0,2000.0,10.0,105.0,212328,4096.0,Low Tier,BGA,LPDDR4,1
4.0,10.0,1100.0,6.0,105.0,212329,4096.0,Low Tier,BGA,LPDDR4,1
2.0,14.0,1100.0,6.0,105.0,214799,4096.0,Low Tier,BGA,LPDDR4,1
2.0,10.0,1200.0,6.5,70.0,214754,1536.0,Low Tier,BGA,LPDDR4,1
4.0,10.0,2000.0,15.0,105.0,218701,4096.0,Low Tier,BGA,LPDDR4,1
2.0,32.0,2260.0,73.0,100.0,43523,2048.0,Low Tier,LGA,DDR3,1
4.0,14.0,2400.0,45.0,100.0,191080,8192.0,Mid Tier,BGA,DDR3,1
6.0,14.0,3000.0,65.0,100.0,134895,9216.0,Mid Tier,LGA,DDR4,1
4.0,14.0,2500.0,45.0,100.0,191078,8192.0,Mid Tier,BGA,DDR3,1
6.0,14.0,1800.0,35.0,100.0,134893,9216.0,Mid Tier,LGA,DDR4,1
6.0,14.0,2200.0,35.0,100.0,191052,9216.0,Mid Tier,LGA,DDR4,1
6.0,14.0,2300.0,35.0,100.0,191051,9216.0,Mid Tier,LGA,DDR4,1
6.0,14.0,3000.0,65.0,100.0,190890,9216.0,Mid Tier,LGA,DDR4,1
6.0,14.0,3100.0,65.0,100.0,134900,9216.0,Mid Tier,LGA,DDR4,1
4.0,14.0,2400.0,45.0,100.0,191075,8192.0,Mid Tier,BGA,DDR3,1
6.0,14.0,3000.0,65.0,100.0,195324,9216.0,Mid Tier,LGA,DDR4,1
6.0,14.0,2200.0,35.0,100.0,195327,9216.0,Mid Tier,LGA,DDR4,1
8.0,14.0,3900.0,185.0,60.0,202780,36608.0,High Tier,LGA,DDR4,1
24.0,14.0,2200.0,150.0,86.0,199354,36608.0,High Tier,LGA,DDR4,1
16.0,14.0,2900.0,150.0,85.0,199348,22528.0,High Tier,LGA,DDR4,1
20.0,14.0,3100.0,205.0,76.0,199352,36608.0,High Tier,LGA,DDR4,1
24.0,14.0,3000.0,205.0,75.0,199351,36608.0,High Tier,LGA,DDR4,1
28.0,14.0,2700.0,205.0,74.0,199350,39424.0,High Tier,LGA,DDR4,1
16.0,14.0,2900.0,150.0,85.0,199347,22528.0,High Tier,LGA,DDR4,1
26.0,14.0,2100.0,150.0,85.0,199346,36608.0,High Tier,LGA,DDR4,1
28.0,14.0,2200.0,165.0,89.0,199345,39424.0,High Tier,LGA,DDR4,1
24.0,14.0,2400.0,165.0,90.0,199343,36608.0,High Tier,LGA,DDR4,1
20.0,14.0,2100.0,125.0,87.0,199342,28160.0,High Tier,LGA,DDR4,1
12.0,14.0,3600.0,205.0,64.0,198655,33792.0,High Tier,LGA,DDR4,1
8.0,14.0,3900.0,185.0,60.0,198652,36608.0,High Tier,LGA,DDR4,1
16.0,14.0,3400.0,205.0,75.0,199353,36608.0,High Tier,LGA,DDR4,1
16.0,14.0,2800.0,165.0,100.0,205687,22528.0,High Tier,LGA,DDR4,1
20.0,14.0,2400.0,150.0,100.0,204090,28160.0,High Tier,LGA,DDR4,1
16.0,14.0,2800.0,165.0,100.0,204088,22528.0,High Tier,LGA,DDR4,1
18.0,14.0,2500.0,150.0,100.0,204086,25344.0,High Tier,LGA,DDR4,1
24.0,14.0,2300.0,165.0,100.0,204095,33792.0,High Tier,LGA,DDR4,1
24.0,14.0,2000.0,150.0,100.0,204091,33792.0,High Tier,LGA,DDR4,1
24.0,14.0,2300.0,205.0,100.0,125098,33792.0,High Tier,LGA,DDR4,1
24.0,14.0,2400.0,165.0,90.0,192480,36608.0,High Tier,LGA,DDR4,1
28.0,14.0,2700.0,205.0,84.0,192478,39424.0,High Tier,LGA,DDR4,1
24.0,14.0,2400.0,165.0,90.0,192476,36608.0,High Tier,LGA,DDR4,1
28.0,14.0,2200.0,165.0,89.0,192475,39424.0,High Tier,LGA,DDR4,1
24.0,14.0,2400.0,165.0,90.0,192474,36608.0,High Tier,LGA,DDR4,1
28.0,14.0,2700.0,205.0,84.0,192472,39424.0,High Tier,LGA,DDR4,1
28.0,14.0,2200.0,165.0,89.0,192470,39424.0,High Tier,LGA,DDR4,1
4.0,14.0,3800.0,105.0,72.0,192467,16896.0,High Tier,LGA,DDR4,1
16.0,14.0,2200.0,125.0,87.0,192465,22528.0,High Tier,LGA,DDR4,1
24.0,14.0,2900.0,205.0,84.0,192481,36608.0,High Tier,LGA,DDR4,1
26.0,14.0,2700.0,205.0,84.0,192482,36608.0,High Tier,LGA,DDR4,1
2.0,14.0,3300.0,35.0,66.0,90728,4096.0,Mid Tier,LGA,DDR3,1
2.0,14.0,2700.0,28.0,100.0,91154,3072.0,Mid Tier,BGA,DDR3,1
2.0,14.0,2300.0,15.0,100.0,88180,3072.0,Mid Tier,BGA,DDR3,1
2.0,14.0,2700.0,35.0,100.0,89063,3072.0,Mid Tier,BGA,DDR3,1
2.0,14.0,2700.0,35.0,100.0,88181,4096.0,Mid Tier,LGA,DDR3,1
2.0,14.0,2700.0,35.0,100.0,90611,3072.0,Mid Tier,BGA,DDR3,1
2.0,14.0,3600.0,54.0,66.0,93366,3072.0,Mid Tier,LGA,DDR3,1
2.0,14.0,2400.0,28.0,100.0,96484,3072.0,Mid Tier,BGA,DDR3,1
2.0,14.0,2000.0,15.0,100.0,91157,3072.0,Mid Tier,BGA,DDR3,1
2.0,14.0,2400.0,15.0,100.0,95442,3072.0,Mid Tier,BGA,DDR3,1
2.0,14.0,2100.0,25.0,100.0,97124,3072.0,Mid Tier,BGA,DDR4,1
2.0,14.0,3400.0,35.0,88.0,97125,3072.0,Mid Tier,LGA,DDR3,1
2.0,14.0,3900.0,54.0,100.0,97130,3072.0,Mid Tier,LGA,DDR3,1
2.0,14.0,2900.0,35.0,100.0,97131,3072.0,Mid Tier,BGA,DDR4,1
2.0,14.0,3900.0,51.0,100.0,97455,3072.0,Mid Tier,LGA,DDR3,1
2.0,14.0,3500.0,35.0,92.0,97457,4096.0,Mid Tier,LGA,DDR3,1
4.0,22.0,1700.0,9.0,97.0,77980,2048.0,Low Tier,BGA,DDR3,1
4.0,22.0,2400.0,15.0,100.0,77981,2048.0,Low Tier,BGA,DDR3,1
4.0,22.0,2400.0,14.0,96.0,77982,2048.0,Low Tier,BGA,DDR3,1
4.0,22.0,2400.0,15.0,100.0,77983,2048.0,Low Tier,BGA,DDR3,1
8.0,22.0,2000.0,18.0,100.0,77984,4096.0,Low Tier,BGA,DDR3,1
8.0,22.0,1700.0,12.0,97.0,77985,4096.0,Low Tier,BGA,DDR3,1
8.0,22.0,2400.0,20.0,100.0,77986,4096.0,Low Tier,BGA,DDR3,1
8.0,22.0,2400.0,20.0,100.0,77988,4096.0,Low Tier,BGA,DDR3,1
8.0,22.0,2400.0,20.0,97.0,77987,4096.0,Low Tier,BGA,DDR3,1
4.0,22.0,1250.0,9.5,85.0,81270,2048.0,Low Tier,BGA,DDR3,1
2.0,22.0,1250.0,6.0,85.0,81328,1024.0,Low Tier,BGA,Other,1
2.0,14.0,1500.0,8.5,89.0,97928,4096.0,Low Tier,Other,DDR4,1
2.0,14.0,1500.0,6.0,100.0,97140,2048.0,Low Tier,BGA,DDR3,1
2.0,14.0,2300.0,15.0,100.0,96508,2048.0,Low Tier,BGA,DDR3,1
2.0,14.0,1600.0,6.0,100.0,122697,2048.0,Low Tier,BGA,DDR3,1
2.0,14.0,3800.0,54.0,100.0,129946,4096.0,Low Tier,LGA,DDR4,1
2.0,14.0,3200.0,35.0,88.0,129947,4096.0,Low Tier,LGA,DDR4,1
2.0,14.0,3100.0,35.0,100.0,129949,4096.0,Low Tier,LGA,DDR4,1
2.0,14.0,3700.0,58.0,100.0,129951,4096.0,Low Tier,LGA,DDR4,1
2.0,14.0,3900.0,54.0,100.0,129945,4096.0,Low Tier,LGA,DDR4,1
2.0,14.0,2300.0,15.0,100.0,189269,2048.0,Low Tier,BGA,DDR3,1
4.0,14.0,3100.0,54.0,100.0,148963,8192.0,Mid Tier,Other,DDR4,1
4.0,14.0,1800.0,15.0,100.0,149091,8192.0,Mid Tier,BGA,DDR3,1
2.0,14.0,1500.0,5.0,100.0,185281,4096.0,Mid Tier,BGA,DDR3,1
4.0,14.0,1900.0,15.0,100.0,193563,8192.0,Mid Tier,BGA,DDR3,1
4.0,14.0,2800.0,28.0,100.0,191050,8192.0,Mid Tier,BGA,DDR3,1
4.0,14.0,1700.0,15.0,100.0,193554,8192.0,Mid Tier,BGA,DDR3,1
4.0,14.0,1700.0,15.0,100.0,192996,8192.0,Mid Tier,BGA,DDR3,1
8.0,14.0,3600.0,95.0,100.0,186604,12288.0,Mid Tier,LGA,DDR4,1
8.0,14.0,3600.0,95.0,100.0,190885,12288.0,Mid Tier,LGA,DDR4,1
8.0,14.0,3000.0,65.0,100.0,191792,12288.0,Mid Tier,LGA,DDR4,1
8.0,14.0,3000.0,65.0,100.0,193738,12288.0,Mid Tier,LGA,DDR4,1
8.0,14.0,2000.0,35.0,100.0,191048,12288.0,Mid Tier,LGA,DDR4,1
6.0,14.0,2600.0,45.0,100.0,191047,12288.0,Mid Tier,BGA,DDR3,1
6.0,14.0,2600.0,45.0,100.0,191046,12288.0,Mid Tier,BGA,DDR3,1
6.0,14.0,2600.0,45.0,100.0,191045,12288.0,Mid Tier,BGA,DDR3,1
8.0,14.0,2600.0,65.0,100.0,195306,12288.0,Mid Tier,LGA,DDR4,1
6.0,14.0,2700.0,45.0,100.0,195328,9216.0,Mid Tier,BGA,DDR4,1
8.0,14.0,1800.0,35.0,100.0,195329,12288.0,Mid Tier,LGA,DDR4,1
6.0,14.0,1900.0,25.0,100.0,195333,9216.0,Mid Tier,BGA,DDR4,1
2.0,22.0,2600.0,55.0,100.0,71072,2048.0,Low Tier,LGA,DDR3,1
2.0,22.0,2700.0,55.0,100.0,71073,2048.0,Low Tier,LGA,DDR3,1
2.0,22.0,2300.0,35.0,100.0,71074,2048.0,Low Tier,LGA,DDR3,1
2.0,22.0,2400.0,35.0,100.0,76345,2048.0,Low Tier,LGA,DDR3,1
2.0,22.0,2800.0,55.0,100.0,76344,2048.0,Low Tier,LGA,DDR3,1
2.0,22.0,2800.0,53.0,72.0,78954,2048.0,Low Tier,LGA,DDR3,1
2.0,22.0,2400.0,35.0,66.4,78956,2048.0,Low Tier,LGA,DDR3,1
2.0,22.0,2700.0,53.0,72.0,78955,2048.0,Low Tier,LGA,DDR3,1
2.0,22.0,2200.0,35.0,100.0,78957,2048.0,Low Tier,LGA,DDR3,1
2.0,22.0,2500.0,35.0,66.4,80801,2048.0,Low Tier,LGA,DDR3,1
2.0,22.0,2800.0,53.0,72.0,80800,2048.0,Low Tier,LGA,DDR3,1
2.0,22.0,2900.0,53.0,72.0,80798,2048.0,Low Tier,LGA,DDR3,1
2.0,14.0,2800.0,51.0,100.0,90741,2048.0,Low Tier,LGA,DDR3,1
2.0,14.0,2900.0,51.0,100.0,90737,2048.0,Low Tier,LGA,DDR3,1
2.0,14.0,2300.0,35.0,100.0,90711,2048.0,Low Tier,LGA,DDR3,1
2.0,14.0,2400.0,35.0,100.0,90713,2048.0,Low Tier,BGA,DDR3,1
4.0,10.0,1000.0,15.0,100.0,196603,6144.0,Mid Tier,Other,LPDDR4,1
4.0,10.0,1200.0,15.0,100.0,196592,6144.0,Mid Tier,Other,LPDDR4,1
4.0,10.0,1100.0,15.0,100.0,196591,6144.0,Mid Tier,Other,LPDDR4,1
4.0,14.0,1000.0,7.0,100.0,196454,6144.0,Mid Tier,Other,DDR3,1
4.0,14.0,1100.0,7.0,100.0,196453,6144.0,Mid Tier,Other,DDR3,1
4.0,14.0,1600.0,15.0,100.0,195436,6144.0,Mid Tier,BGA,DDR3,1
4.0,14.0,2600.0,45.0,100.0,201895,8192.0,Mid Tier,BGA,DDR4,1
4.0,14.0,2500.0,45.0,100.0,201839,8192.0,Mid Tier,BGA,DDR4,1
6.0,14.0,3100.0,65.0,100.0,203893,12288.0,Mid Tier,LGA,DDR4,1
6.0,14.0,2300.0,35.0,100.0,203891,12288.0,Mid Tier,LGA,DDR4,1
8.0,10.0,3600.0,165.0,69.0,215273,18432.0,High Tier,LGA,DDR4,1
26.0,10.0,2200.0,185.0,79.0,215285,39936.0,High Tier,LGA,DDR4,1
20.0,10.0,2300.0,150.0,86.0,215284,30720.0,High Tier,LGA,DDR4,1
24.0,10.0,2400.0,185.0,80.0,215282,36864.0,High Tier,LGA,DDR4,1
24.0,10.0,2100.0,150.0,83.0,215281,36864.0,High Tier,LGA,DDR4,1
24.0,10.0,2400.0,185.0,80.0,215280,36864.0,High Tier,LGA,DDR4,1
24.0,10.0,2100.0,165.0,87.0,215279,36864.0,High Tier,LGA,DDR4,1
24.0,10.0,2100.0,165.0,87.0,215278,36864.0,High Tier,LGA,DDR4,1
24.0,10.0,2800.0,230.0,81.0,215276,36864.0,High Tier,LGA,DDR4,1
16.0,10.0,2900.0,185.0,78.0,215274,24576.0,High Tier,LGA,DDR4,1
12.0,10.0,3000.0,150.0,84.0,215272,18432.0,High Tier,LGA,DDR4,1
24.0,10.0,2100.0,165.0,87.0,215271,36864.0,High Tier,LGA,DDR4,1
32.0,10.0,2200.0,185.0,83.0,212633,49152.0,High Tier,LGA,DDR4,1
32.0,10.0,2300.0,205.0,81.0,212461,49152.0,High Tier,LGA,DDR4,1
18.0,10.0,3000.0,205.0,77.0,212460,39936.0,High Tier,LGA,DDR4,1
28.0,10.0,2000.0,205.0,86.0,212458,43008.0,High Tier,LGA,DDR4,1
16.0,10.0,3100.0,205.0,78.0,212457,36864.0,High Tier,LGA,DDR4,1
28.0,10.0,2600.0,235.0,80.0,212456,43008.0,High Tier,LGA,DDR4,1
28.0,10.0,2200.0,165.0,86.0,212286,43008.0,High Tier,LGA,DDR4,1
32.0,10.0,2000.0,205.0,81.0,212285,49152.0,High Tier,LGA,DDR4,1
28.0,14.0,2900.0,250.0,100.0,204087,39424.0,High Tier,LGA,DDR4,1
18.0,14.0,2500.0,150.0,100.0,204092,25344.0,High Tier,LGA,DDR4,1
18.0,14.0,3100.0,205.0,100.0,204094,25344.0,High Tier,LGA,DDR4,1
28.0,14.0,2600.0,205.0,100.0,204096,39424.0,High Tier,LGA,DDR4,1
28.0,14.0,2900.0,250.0,100.0,205684,39424.0,High Tier,LGA,DDR4,1
28.0,14.0,2600.0,205.0,100.0,205683,39424.0,High Tier,LGA,DDR4,1
8.0,14.0,3900.0,190.0,100.0,204097,36608.0,High Tier,LGA,DDR4,1
24.0,14.0,3000.0,225.0,100.0,204089,33792.0,High Tier,LGA,DDR4,1
24.0,14.0,3000.0,225.0,100.0,205688,33792.0,High Tier,LGA,DDR4,1
32.0,10.0,2600.0,250.0,81.0,212282,49152.0,High Tier,LGA,DDR4,1
32.0,10.0,2200.0,205.0,81.0,212284,49152.0,High Tier,LGA,DDR4,1
36.0,10.0,2400.0,225.0,76.0,212288,55296.0,High Tier,LGA,DDR4,1
38.0,10.0,2600.0,270.0,58.0,212289,58368.0,High Tier,LGA,DDR4,1
32.0,10.0,2200.0,205.0,81.0,212307,49152.0,High Tier,LGA,DDR4,1
32.0,10.0,2600.0,240.0,80.0,212308,49152.0,High Tier,LGA,DDR4,1
36.0,10.0,2100.0,195.0,78.0,212454,55296.0,High Tier,LGA,DDR4,1
38.0,10.0,2400.0,270.0,84.0,212455,58368.0,High Tier,LGA,DDR4,1
36.0,10.0,2400.0,250.0,80.0,212459,55296.0,High Tier,LGA,DDR4,1
32.0,10.0,2300.0,185.0,77.0,217215,49152.0,High Tier,LGA,DDR4,1
2.0,14.0,4000.0,51.0,100.0,97458,4096.0,Mid Tier,LGA,DDR3,1
2.0,14.0,4100.0,51.0,100.0,97484,4096.0,Mid Tier,LGA,DDR3,1
2.0,14.0,3400.0,35.0,92.0,97485,3072.0,Mid Tier,LGA,DDR3,1
2.0,14.0,4200.0,60.0,100.0,97527,4096.0,Mid Tier,LGA,DDR3,1
2.0,14.0,2700.0,15.0,100.0,124977,3072.0,Mid Tier,BGA,DDR3,1
2.0,14.0,2300.0,15.0,100.0,122590,3072.0,Mid Tier,Other,DDR3,1
4.0,14.0,3600.0,65.0,100.0,126688,6144.0,Mid Tier,LGA,DDR4,1
4.0,14.0,4000.0,91.0,100.0,126689,8192.0,Mid Tier,LGA,DDR4,1
2.0,14.0,2200.0,15.0,100.0,137977,4096.0,Mid Tier,BGA,DDR3,1
4.0,14.0,3700.0,62.0,100.0,129942,8192.0,Mid Tier,LGA,DDR4,1
4.0,14.0,3200.0,35.0,82.0,129943,8192.0,Mid Tier,LGA,DDR4,1
4.0,14.0,3100.0,35.0,82.0,129944,6144.0,Mid Tier,LGA,DDR4,1
2.0,14.0,3000.0,28.0,100.0,135936,4096.0,Mid Tier,BGA,DDR3,1
4.0,14.0,3000.0,45.0,100.0,149160,6144.0,Mid Tier,BGA,DDR4,1
2.0,14.0,2100.0,15.0,100.0,149090,4096.0,Mid Tier,BGA,DDR3,1
4.0,14.0,3600.0,65.0,100.0,189980,6144.0,Mid Tier,BGA,DDR4,1
2.0,14.0,2200.0,15.0,100.0,193560,4096.0,Mid Tier,BGA,DDR3,1
2.0,22.0,1500.0,7.0,100.0,123003,1024.0,Low Tier,BGA,Other,1
4.0,22.0,1400.0,10.0,100.0,123004,2048.0,Low Tier,BGA,Other,1
16.0,14.0,1700.0,24.0,78.0,97940,16384.0,Low Tier,Other,DDR4,1
12.0,14.0,2000.0,25.0,86.0,97939,12288.0,Low Tier,Other,DDR4,1
8.0,14.0,2200.0,21.0,84.0,97938,16384.0,Low Tier,Other,DDR4,1
4.0,14.0,2200.0,16.0,83.0,97937,8192.0,Low Tier,Other,DDR4,1
2.0,14.0,1600.0,9.5,89.0,97935,4096.0,Low Tier,Other,DDR4,1
8.0,14.0,1700.0,17.0,85.0,97934,16384.0,Low Tier,Other,DDR4,1
16.0,14.0,2100.0,32.0,78.0,97933,16384.0,Low Tier,Other,DDR4,1
12.0,14.0,2100.0,25.0,78.0,97932,12288.0,Low Tier,Other,DDR4,1
12.0,14.0,1900.0,21.5,85.0,97931,12288.0,Low Tier,Other,DDR4,1
4.0,14.0,1600.0,11.5,90.0,97930,8192.0,Low Tier,Other,DDR4,1
4.0,14.0,2100.0,15.0,87.0,97929,8192.0,Low Tier,Other,DDR4,1
16.0,14.0,2000.0,31.0,83.0,97927,16384.0,Low Tier,Other,DDR4,1
8.0,14.0,2200.0,25.0,82.0,97926,16384.0,Low Tier,Other,DDR4,1
12.0,14.0,2000.0,25.0,83.0,97936,12288.0,Low Tier,Other,DDR4,1
2.0,14.0,1500.0,11.0,89.0,184994,4096.0,Low Tier,Other,DDR4,1
4.0,14.0,1300.0,10.75,86.0,204842,8192.0,Low Tier,Other,DDR4,1
4.0,14.0,2400.0,17.0,82.0,204841,8192.0,Low Tier,Other,DDR4,1
8.0,14.0,2400.0,26.0,82.0,204840,16384.0,Low Tier,Other,DDR4,1
4.0,14.0,1100.0,6.0,105.0,128990,4096.0,Low Tier,BGA,LPDDR4,1
4.0,14.0,1500.0,10.0,105.0,128984,4096.0,Low Tier,BGA,LPDDR4,1
4.0,14.0,1100.0,6.0,105.0,197308,4096.0,Low Tier,BGA,LPDDR4,1
4.0,14.0,2000.0,10.0,105.0,197304,4096.0,Low Tier,BGA,LPDDR4,1
6.0,32.0,3300.0,130.0,66.8,63696,15360.0,High Tier,LGA,DDR3,1
6.0,32.0,3200.0,130.0,66.8,63697,12288.0,High Tier,LGA,DDR3,1
4.0,32.0,3600.0,130.0,66.8,63698,10240.0,High Tier,LGA,DDR3,1
4.0,22.0,2900.0,55.0,105.0,64887,8192.0,High Tier,FCPGA,DDR3,1
4.0,22.0,3000.0,55.0,105.0,71096,8192.0,High Tier,FCPGA,DDR3,1
6.0,32.0,3500.0,150.0,66.8,70845,15360.0,High Tier,LGA,DDR3,1
4.0,22.0,3000.0,57.0,100.0,75133,8192.0,High Tier,FCPGA,DDR3,1
4.0,22.0,3700.0,130.0,66.8,77781,10240.0,High Tier,LGA,DDR3,1
6.0,22.0,3400.0,130.0,66.8,77780,12288.0,High Tier,LGA,DDR3,1
6.0,22.0,3600.0,130.0,66.8,77779,15360.0,High Tier,LGA,DDR3,1
6.0,22.0,3300.0,140.0,66.8,82932,15360.0,High Tier,LGA,DDR4,1
6.0,22.0,3500.0,140.0,66.8,82931,15360.0,High Tier,LGA,DDR4,1
8.0,22.0,3000.0,140.0,66.8,82930,20480.0,High Tier,LGA,DDR4,1
6.0,14.0,3600.0,140.0,67.2,94188,15360.0,High Tier,LGA,DDR4,1
6.0,14.0,3400.0,140.0,67.2,94189,15360.0,High Tier,LGA,DDR4,1
8.0,14.0,3200.0,140.0,67.2,94196,20480.0,High Tier,LGA,DDR4,1
2.0,14.0,2300.0,15.0,100.0,189310,2048.0,Low Tier,BGA,DDR3,1
2.0,14.0,1700.0,6.0,100.0,192786,2048.0,Low Tier,BGA,DDR3,1
2.0,14.0,3300.0,35.0,88.0,135109,4096.0,Low Tier,LGA,DDR4,1
2.0,14.0,3800.0,54.0,100.0,135456,4096.0,Low Tier,LGA,DDR4,1
2.0,14.0,4000.0,54.0,100.0,135457,4096.0,Low Tier,LGA,DDR4,1
2.0,14.0,3200.0,35.0,88.0,135455,4096.0,Low Tier,LGA,DDR4,1
2.0,14.0,2400.0,15.0,100.0,197888,2048.0,Low Tier,BGA,DDR3,1
2.0,14.0,3500.0,35.0,100.0,199286,4096.0,Low Tier,LGA,DDR4,1
2.0,14.0,4200.0,58.0,100.0,199285,4096.0,Low Tier,LGA,DDR4,1
2.0,14.0,4100.0,58.0,100.0,199287,4096.0,Low Tier,LGA,DDR4,1
2.0,14.0,4000.0,58.0,100.0,199288,4096.0,Low Tier,LGA,DDR4,1
2.0,14.0,3400.0,35.0,100.0,199289,4096.0,Low Tier,LGA,DDR4,1
2.0,14.0,3200.0,35.0,100.0,203894,4096.0,Low Tier,LGA,DDR4,1
2.0,14.0,3800.0,58.0,100.0,203896,4096.0,Low Tier,LGA,DDR4,1
2.0,10.0,2688.8255892255893,54.0,100.0,208667,4096.0,Low Tier,BGA,LPDDR4,1
2.0,14.0,4300.0,58.0,100.0,201904,4096.0,Low Tier,LGA,DDR4,1
2.0,14.0,3500.0,35.0,100.0,201900,4096.0,Low Tier,LGA,DDR4,1
2.0,14.0,4100.0,58.0,100.0,201901,4096.0,Low Tier,LGA,DDR4,1
2.0,14.0,4200.0,58.0,100.0,201902,4096.0,Low Tier,LGA,DDR4,1
6.0,14.0,2900.0,45.0,100.0,134903,12288.0,High Tier,BGA,DDR3,1
8.0,14.0,3600.0,95.0,100.0,186605,16384.0,High Tier,LGA,DDR4,1
8.0,14.0,3600.0,95.0,100.0,190887,16384.0,High Tier,LGA,DDR4,1
8.0,14.0,2100.0,35.0,100.0,191044,16384.0,High Tier,LGA,DDR4,1
8.0,14.0,3100.0,65.0,100.0,191789,16384.0,High Tier,LGA,DDR4,1
8.0,14.0,2300.0,45.0,100.0,192987,16384.0,High Tier,BGA,DDR3,1
8.0,14.0,2400.0,45.0,100.0,192990,16384.0,High Tier,BGA,DDR3,1
8.0,14.0,4000.0,127.0,100.0,192943,16384.0,High Tier,LGA,DDR4,1
4.0,10.0,1300.0,15.0,100.0,196597,8192.0,Mid Tier,Other,LPDDR4,1
6.0,14.0,1100.0,15.0,100.0,196448,12288.0,Mid Tier,BGA,DDR3,1
4.0,14.0,1200.0,7.0,100.0,196452,8192.0,Mid Tier,Other,DDR3,1
4.0,14.0,1800.0,15.0,100.0,196449,8192.0,Mid Tier,BGA,DDR3,1
8.0,14.0,2300.0,45.0,100.0,202329,16384.0,Mid Tier,BGA,DDR4,1
6.0,14.0,2600.0,45.0,100.0,201837,12288.0,Mid Tier,BGA,DDR4,1
6.0,14.0,2700.0,45.0,100.0,201897,12288.0,Mid Tier,BGA,DDR4,1
8.0,14.0,2000.0,35.0,100.0,203906,16384.0,Mid Tier,LGA,DDR4,1
8.0,14.0,2000.0,35.0,100.0,199314,16384.0,Mid Tier,LGA,DDR4,1
8.0,14.0,2900.0,65.0,100.0,199316,16384.0,Mid Tier,LGA,DDR4,1
8.0,14.0,2900.0,65.0,100.0,199318,16384.0,Mid Tier,LGA,DDR4,1
8.0,14.0,2900.0,65.0,100.0,203908,16384.0,Mid Tier,LGA,DDR4,1
8.0,14.0,3800.0,125.0,100.0,199325,16384.0,Mid Tier,LGA,DDR4,1
8.0,14.0,3800.0,125.0,100.0,199335,16384.0,Mid Tier,LGA,DDR4,1
4.0,10.0,2300.0,28.0,100.0,196593,8192.0,Mid Tier,BGA,LPDDR4,1
6.0,14.0,1100.0,15.0,100.0,201888,12288.0,Mid Tier,BGA,DDR3,1
4.0,14.0,1800.0,15.0,100.0,201896,8192.0,Mid Tier,BGA,DDR3,1
8.0,14.0,2200.0,45.0,100.0,208018,16384.0,Mid Tier,BGA,DDR4,1
4.0,10.0,2688.8255892255893,54.0,100.0,208661,12288.0,Mid Tier,BGA,LPDDR4,1
2.0,14.0,1600.0,25.0,100.0,90619,2048.0,Low Tier,BGA,DDR3,1
2.0,14.0,2900.0,51.0,100.0,97452,2048.0,Low Tier,LGA,DDR3,1
2.0,14.0,2700.0,35.0,92.0,97467,2048.0,Low Tier,LGA,DDR3,1
2.0,14.0,2900.0,54.0,100.0,122824,2048.0,Low Tier,LGA,DDR3,1
2.0,14.0,2700.0,35.0,88.0,122825,2048.0,Low Tier,LGA,DDR3,1
2.0,14.0,3100.0,54.0,100.0,129487,2048.0,Low Tier,LGA,DDR4,1
2.0,14.0,3200.0,54.0,100.0,129950,2048.0,Low Tier,LGA,DDR4,1
2.0,14.0,2900.0,35.0,88.0,129952,2048.0,Low Tier,LGA,DDR4,1
2.0,14.0,3200.0,54.0,100.0,134878,2048.0,Low Tier,LGA,DDR4,1
2.0,14.0,3000.0,35.0,88.0,134868,2048.0,Low Tier,LGA,DDR4,1
2.0,14.0,3300.0,54.0,100.0,134879,2048.0,Low Tier,LGA,DDR4,1
2.0,14.0,1900.0,25.0,100.0,195330,2048.0,Low Tier,BGA,DDR4,1
2.0,14.0,2400.0,35.0,100.0,195332,2048.0,Low Tier,BGA,DDR4,1
2.0,14.0,3400.0,58.0,100.0,199268,2048.0,Low Tier,LGA,DDR4,1
2.0,14.0,3200.0,35.0,100.0,199270,2048.0,Low Tier,LGA,DDR4,1
2.0,14.0,3500.0,58.0,100.0,199290,2048.0,Low Tier,LGA,DDR4,1
2.0,14.0,3000.0,35.0,100.0,203890,2048.0,Low Tier,LGA,DDR4,1
2.0,14.0,3200.0,58.0,100.0,203897,2048.0,Low Tier,LGA,DDR4,1
2.0,14.0,3300.0,35.0,100.0,201886,4096.0,Low Tier,LGA,DDR4,1
2.0,14.0,3600.0,58.0,100.0,201887,4096.0,Low Tier,LGA,DDR4,1
6.0,14.0,4100.0,125.0,100.0,199315,12288.0,Mid Tier,LGA,DDR4,1
6.0,14.0,4100.0,125.0,100.0,199311,12288.0,Mid Tier,LGA,DDR4,1
6.0,14.0,2900.0,65.0,100.0,199278,12288.0,Mid Tier,LGA,DDR4,1
6.0,14.0,3100.0,65.0,100.0,199277,12288.0,Mid Tier,LGA,DDR4,1
6.0,14.0,2000.0,35.0,100.0,199276,12288.0,Mid Tier,LGA,DDR4,1
6.0,14.0,2300.0,35.0,100.0,199275,12288.0,Mid Tier,LGA,DDR4,1
6.0,14.0,3300.0,65.0,100.0,199273,12288.0,Mid Tier,LGA,DDR4,1
6.0,14.0,2900.0,65.0,100.0,199271,12288.0,Mid Tier,LGA,DDR4,1
6.0,14.0,2400.0,35.0,100.0,199279,12288.0,Mid Tier,LGA,DDR4,1
4.0,10.0,2000.0,28.0,100.0,196594,6144.0,Mid Tier,BGA,LPDDR4,1
4.0,14.0,1700.0,15.0,100.0,201892,6144.0,Mid Tier,BGA,DDR3,1
4.0,14.0,2400.0,45.0,100.0,208016,8192.0,Mid Tier,BGA,DDR4,1
6.0,14.0,2500.0,45.0,100.0,201905,12288.0,Mid Tier,BGA,DDR4,1
6.0,14.0,3200.0,65.0,100.0,201891,12288.0,Mid Tier,LGA,DDR4,1
4.0,10.0,2688.8255892255893,54.0,100.0,208922,8192.0,Mid Tier,BGA,LPDDR4,1
4.0,10.0,2688.8255892255893,54.0,100.0,208657,8192.0,Mid Tier,BGA,LPDDR4,1
4.0,10.0,2688.8255892255893,54.0,100.0,208658,8192.0,Mid Tier,BGA,LPDDR4,1
4.0,10.0,1500.0,15.0,100.0,208078,8192.0,Mid Tier,BGA,LPDDR4,1
4.0,10.0,1500.0,15.0,100.0,208081,8192.0,Mid Tier,BGA,LPDDR4,1
4.0,10.0,2688.8255892255893,54.0,100.0,208660,8192.0,Mid Tier,BGA,LPDDR4,1
8.0,10.0,3200.0,140.0,81.0,215286,12288.0,High Tier,LGA,DDR4,1
32.0,10.0,2800.0,265.0,82.0,217216,49152.0,High Tier,LGA,DDR4,1
2.0,14.0,2100.0,15.0,100.0,198391,4096.0,Mid Tier,BGA,DDR3,1
4.0,14.0,4000.0,91.0,100.0,191126,8192.0,Mid Tier,LGA,DDR4,1
4.0,14.0,3700.0,62.0,100.0,134886,8192.0,Mid Tier,LGA,DDR4,1
4.0,14.0,3200.0,35.0,82.0,134875,8192.0,Mid Tier,LGA,DDR4,1
4.0,14.0,3100.0,35.0,82.0,134871,6144.0,Mid Tier,LGA,DDR4,1
4.0,14.0,4000.0,91.0,100.0,186606,8192.0,Mid Tier,LGA,DDR4,1
4.0,14.0,3600.0,65.0,100.0,190886,6144.0,Mid Tier,LGA,DDR4,1
4.0,14.0,3700.0,62.0,100.0,191793,8192.0,Mid Tier,LGA,DDR4,1
4.0,14.0,3600.0,65.0,100.0,134870,6144.0,Mid Tier,LGA,DDR4,1
4.0,14.0,3100.0,65.0,100.0,194374,6144.0,Mid Tier,LGA,Other,1
4.0,14.0,1600.0,25.0,100.0,194375,6144.0,Mid Tier,BGA,DDR4,1
4.0,14.0,2200.0,35.0,100.0,194376,6144.0,Mid Tier,LGA,Other,1
2.0,10.0,1200.0,15.0,100.0,196588,4096.0,Mid Tier,Other,LPDDR4,1
2.0,14.0,1000.0,7.0,100.0,196455,4096.0,Mid Tier,Other,DDR3,1
2.0,14.0,2100.0,15.0,100.0,196451,4096.0,Mid Tier,BGA,DDR3,1
4.0,14.0,3800.0,65.0,100.0,199280,8192.0,Mid Tier,LGA,DDR4,1
2.0,14.0,1800.0,10.5,88.0,204839,4096.0,Low Tier,Other,DDR4,1
2.0,14.0,2000.0,15.0,105.0,128991,4096.0,Low Tier,BGA,LPDDR4,1
4.0,10.0,1100.0,6.0,105.0,212330,4096.0,Low Tier,BGA,LPDDR4,1
4.0,10.0,2000.0,10.0,105.0,212327,4096.0,Low Tier,BGA,LPDDR4,1
10.0,14.0,3000.0,140.0,67.3,94456,25600.0,High Tier,LGA,DDR4,1
8.0,14.0,3600.0,140.0,99.0,123767,11264.0,High Tier,LGA,DDR4,1
4.0,14.0,4300.0,112.0,100.0,121499,8192.0,High Tier,LGA,DDR4,1
6.0,14.0,3500.0,140.0,100.0,123589,8448.0,High Tier,LGA,DDR4,1
10.0,14.0,3300.0,140.0,95.0,123613,14080.0,High Tier,LGA,DDR4,1
4.0,14.0,4000.0,112.0,100.0,121500,6144.0,High Tier,LGA,DDR4,1
12.0,14.0,2900.0,140.0,95.0,126240,16896.0,High Tier,LGA,DDR4,1
18.0,14.0,2600.0,165.0,94.0,126699,25344.0,High Tier,LGA,DDR4,1
16.0,14.0,2800.0,165.0,98.0,126697,22528.0,High Tier,LGA,DDR4,1
14.0,14.0,3100.0,165.0,102.0,126695,19712.0,High Tier,LGA,DDR4,1
12.0,14.0,3500.0,165.0,92.0,189127,19712.0,High Tier,LGA,DDR4,1
18.0,14.0,3000.0,165.0,84.0,189126,25344.0,High Tier,LGA,DDR4,1
14.0,14.0,3300.0,165.0,88.0,189125,19712.0,High Tier,LGA,DDR4,1
10.0,14.0,3500.0,165.0,92.0,189124,19712.0,High Tier,LGA,DDR4,1
16.0,14.0,3100.0,165.0,85.0,189123,22528.0,High Tier,LGA,DDR4,1
8.0,14.0,3800.0,165.0,95.0,189122,16896.0,High Tier,LGA,DDR4,1
10.0,14.0,3300.0,165.0,92.0,189121,16896.0,High Tier,LGA,DDR4,1
12.0,14.0,3500.0,165.0,94.0,198012,19712.0,High Tier,LGA,DDR4,1
14.0,14.0,3300.0,165.0,86.0,198014,19712.0,High Tier,LGA,DDR4,1
18.0,14.0,3000.0,165.0,86.0,198017,25344.0,High Tier,LGA,DDR4,1
2.0,14.0,3600.0,35.0,100.0,201903,4096.0,Low Tier,LGA,DDR4,1
8.0,14.0,2400.0,45.0,100.0,201838,16384.0,High Tier,BGA,DDR4,1
10.0,14.0,1900.0,35.0,100.0,199324,20480.0,High Tier,LGA,DDR4,1
10.0,14.0,2800.0,65.0,100.0,199328,20480.0,High Tier,LGA,DDR4,1
10.0,14.0,2800.0,65.0,100.0,199329,20480.0,High Tier,LGA,DDR4,1
10.0,14.0,3700.0,125.0,100.0,199331,20480.0,High Tier,LGA,DDR4,1
10.0,14.0,2800.0,65.0,100.0,203902,20480.0,High Tier,LGA,DDR4,1
10.0,14.0,1800.0,35.0,100.0,203901,20480.0,High Tier,LGA,DDR4,1
10.0,14.0,3700.0,125.0,100.0,199332,20480.0,High Tier,LGA,DDR4,1
8.0,14.0,2400.0,45.0,100.0,203682,16384.0,High Tier,BGA,DDR4,1
10.0,14.0,3600.0,125.0,100.0,205904,20480.0,High Tier,LGA,DDR4,1
10.0,14.0,3600.0,125.0,100.0,204448,20480.0,High Tier,LGA,DDR4,1
8.0,14.0,2500.0,65.0,100.0,212252,16384.0,High Tier,LGA,DDR4,1
8.0,14.0,2500.0,65.0,100.0,212254,16384.0,High Tier,LGA,DDR4,1
8.0,14.0,1500.0,35.0,100.0,212256,16384.0,High Tier,LGA,DDR4,1
8.0,14.0,3500.0,125.0,100.0,212321,16384.0,High Tier,LGA,DDR4,1
8.0,14.0,3500.0,125.0,100.0,212325,16384.0,High Tier,LGA,DDR4,1
8.0,10.0,2688.8255892255893,54.0,100.0,213798,24576.0,High Tier,BGA,Other,1
8.0,10.0,2688.8255892255893,54.0,100.0,213800,24576.0,High Tier,BGA,Other,1
8.0,10.0,2688.8255892255893,54.0,100.0,213801,24576.0,High Tier,BGA,Other,1
4.0,10.0,2688.8255892255893,54.0,100.0,208662,12288.0,Mid Tier,BGA,LPDDR4,1
4.0,10.0,2688.8255892255893,54.0,100.0,208664,12288.0,Mid Tier,BGA,LPDDR4,1
4.0,10.0,2688.8255892255893,54.0,100.0,208921,12288.0,Mid Tier,BGA,LPDDR4,1
4.0,10.0,1800.0,15.0,100.0,208076,12288.0,Mid Tier,BGA,LPDDR4,1
4.0,10.0,1800.0,15.0,100.0,208082,12288.0,Mid Tier,BGA,LPDDR4,1
4.0,10.0,2688.8255892255893,54.0,100.0,196655,12288.0,Mid Tier,BGA,LPDDR4,1
4.0,10.0,2688.8255892255893,54.0,100.0,197384,12288.0,Mid Tier,BGA,LPDDR4,1
4.0,10.0,2688.8255892255893,54.0,100.0,208663,12288.0,Mid Tier,BGA,LPDDR4,1
8.0,14.0,2500.0,65.0,100.0,212280,16384.0,Mid Tier,LGA,DDR4,1
8.0,14.0,2500.0,65.0,100.0,212279,16384.0,Mid Tier,LGA,DDR4,1
8.0,14.0,1400.0,35.0,100.0,212251,16384.0,Mid Tier,LGA,DDR4,1
8.0,14.0,3600.0,125.0,100.0,212048,16384.0,Mid Tier,LGA,DDR4,1
8.0,14.0,3600.0,125.0,100.0,212047,16384.0,Mid Tier,LGA,DDR4,1
8.0,10.0,2688.8255892255893,54.0,100.0,213799,24576.0,Mid Tier,BGA,Other,1
8.0,10.0,2688.8255892255893,54.0,100.0,213803,24576.0,Mid Tier,BGA,Other,1
4.0,10.0,2688.8255892255893,54.0,100.0,217181,12288.0,Mid Tier,BGA,LPDDR4,1
4.0,10.0,2688.8255892255893,54.0,100.0,217187,12288.0,Mid Tier,BGA,LPDDR4,1
4.0,10.0,2688.8255892255893,54.0,100.0,217182,12288.0,Mid Tier,BGA,LPDDR4,1
6.0,10.0,2688.8255892255893,54.0,100.0,213802,18432.0,Mid Tier,BGA,Other,1
2.0,14.0,3500.0,58.0,100.0,201899,4096.0,Low Tier,LGA,DDR4,1
4.0,10.0,2688.8255892255893,54.0,100.0,208659,8192.0,Mid Tier,BGA,LPDDR4,1
4.0,10.0,2688.8255892255893,54.0,100.0,196656,8192.0,Mid Tier,BGA,LPDDR4,1
6.0,14.0,1700.0,35.0,100.0,212278,12288.0,Mid Tier,LGA,DDR4,1
6.0,14.0,3900.0,125.0,100.0,212276,12288.0,Mid Tier,LGA,DDR4,1
6.0,14.0,3900.0,125.0,100.0,212275,12288.0,Mid Tier,LGA,DDR4,1
6.0,14.0,2800.0,65.0,100.0,212274,12288.0,Mid Tier,LGA,DDR4,1
6.0,14.0,1300.0,35.0,100.0,212273,12288.0,Mid Tier,LGA,DDR4,1
6.0,14.0,1500.0,35.0,100.0,212272,12288.0,Mid Tier,LGA,DDR4,1
6.0,14.0,2600.0,65.0,100.0,212271,12288.0,Mid Tier,LGA,DDR4,1
6.0,14.0,2600.0,65.0,100.0,212270,12288.0,Mid Tier,LGA,DDR4,1
6.0,14.0,2700.0,65.0,100.0,212277,12288.0,Mid Tier,LGA,DDR4,1
6.0,10.0,2688.8255892255893,54.0,100.0,213804,12288.0,Mid Tier,BGA,Other,1
6.0,10.0,2688.8255892255893,54.0,100.0,213805,12288.0,Mid Tier,BGA,Other,1
6.0,10.0,2688.8255892255893,54.0,100.0,213806,12288.0,Mid Tier,BGA,Other,1
4.0,10.0,2688.8255892255893,54.0,100.0,217184,8192.0,Mid Tier,BGA,LPDDR4,1
4.0,10.0,2688.8255892255893,54.0,100.0,217185,8192.0,Mid Tier,BGA,LPDDR4,1
4.0,10.0,2688.8255892255893,54.0,100.0,217183,8192.0,Mid Tier,BGA,LPDDR4,1
4.0,14.0,3700.0,65.0,100.0,199281,8192.0,Mid Tier,LGA,DDR4,1
4.0,14.0,3000.0,35.0,100.0,199282,8192.0,Mid Tier,LGA,DDR4,1
4.0,14.0,3600.0,65.0,100.0,199283,6144.0,Mid Tier,LGA,DDR4,1
4.0,14.0,3000.0,35.0,100.0,199284,6144.0,Mid Tier,LGA,DDR4,1
4.0,14.0,2300.0,35.0,100.0,203899,6144.0,Mid Tier,LGA,DDR4,1
4.0,14.0,3200.0,65.0,100.0,203898,6144.0,Mid Tier,LGA,DDR4,1
4.0,14.0,3600.0,65.0,100.0,203473,6144.0,Mid Tier,LGA,DDR4,1
4.0,14.0,3700.0,65.0,100.0,203474,6144.0,Mid Tier,LGA,DDR4,1
4.0,14.0,3000.0,35.0,100.0,201898,8192.0,Mid Tier,LGA,DDR4,1
4.0,14.0,3700.0,65.0,100.0,201894,6144.0,Mid Tier,LGA,DDR4,1
4.0,14.0,3800.0,65.0,100.0,201893,8192.0,Mid Tier,LGA,DDR4,1
4.0,14.0,3000.0,35.0,100.0,201890,6144.0,Mid Tier,LGA,DDR4,1
4.0,14.0,3900.0,65.0,100.0,201889,8192.0,Mid Tier,LGA,DDR4,1
2.0,10.0,2688.8255892255893,54.0,100.0,208920,6144.0,Mid Tier,BGA,LPDDR4,1
2.0,10.0,2688.8255892255893,54.0,100.0,208652,6144.0,Mid Tier,BGA,LPDDR4,1
2.0,10.0,2688.8255892255893,54.0,100.0,208651,6144.0,Mid Tier,BGA,LPDDR4,1
10.0,14.0,3700.0,165.0,94.0,198019,19712.0,High Tier,LGA,DDR4,1
8.0,10.0,3300.0,65.0,100.0,215570,24576.0,High Tier,BGA,Other,1
8.0,10.0,2688.8255892255893,54.0,100.0,217379,24576.0,Mid Tier,BGA,DDR4,1
6.0,10.0,2688.8255892255893,54.0,100.0,217369,12288.0,Mid Tier,BGA,DDR4,1
2.0,10.0,2200.0,15.0,100.0,208079,6144.0,Mid Tier,BGA,LPDDR4,1
4.0,10.0,2688.8255892255893,54.0,100.0,208656,8192.0,Mid Tier,BGA,LPDDR4,1
4.0,10.0,2688.8255892255893,54.0,100.0,209735,8192.0,Mid Tier,BGA,LPDDR4,1
4.0,10.0,2688.8255892255893,54.0,100.0,209736,8192.0,Mid Tier,BGA,LPDDR4,1
2.0,10.0,2200.0,15.0,100.0,208074,6144.0,Mid Tier,BGA,LPDDR4,1
4.0,10.0,2688.8255892255893,54.0,100.0,217371,8192.0,Mid Tier,BGA,DDR4,1
10.0,10.0,2300.0,105.0,88.0,215283,15360.0,High Tier,LGA,DDR4,1
12.0,14.0,2400.0,100.0,79.0,197100,16896.0,High Tier,LGA,DDR4,1
10.0,14.0,2300.0,95.0,91.0,199344,14080.0,High Tier,LGA,DDR4,1
8.0,14.0,3200.0,130.0,79.0,199349,11264.0,High Tier,LGA,DDR4,1
16.0,10.0,2400.0,135.0,86.0,215269,24576.0,High Tier,LGA,DDR4,1
20.0,10.0,2300.0,150.0,84.0,215270,30720.0,High Tier,LGA,DDR4,1
8.0,10.0,2800.0,105.0,76.0,215275,12288.0,High Tier,LGA,DDR4,1
12.0,10.0,2100.0,120.0,82.0,215277,18432.0,High Tier,LGA,DDR4,1
8.0,14.0,1800.0,85.0,77.0,123544,11264.0,High Tier,LGA,DDR4,1
8.0,14.0,2100.0,85.0,77.0,123547,11264.0,High Tier,LGA,DDR4,1
8.0,14.0,2000.0,70.0,90.0,123549,11264.0,High Tier,LGA,DDR4,1
10.0,14.0,2200.0,85.0,78.0,123550,14080.0,High Tier,LGA,DDR4,1
4.0,14.0,2600.0,85.0,76.0,123551,8448.0,High Tier,LGA,DDR4,1
10.0,14.0,2200.0,85.0,92.0,126153,14080.0,High Tier,LGA,DDR4,1
12.0,14.0,2100.0,85.0,91.0,126155,16896.0,High Tier,LGA,DDR4,1
12.0,14.0,2100.0,85.0,76.0,120481,16896.0,High Tier,LGA,DDR4,1
8.0,14.0,3000.0,105.0,100.0,137057,11264.0,High Tier,LGA,DDR4,1
8.0,14.0,2200.0,70.0,91.0,193382,11264.0,High Tier,LGA,DDR4,1
10.0,14.0,2200.0,85.0,78.0,193384,14080.0,High Tier,LGA,DDR4,1
12.0,14.0,2200.0,85.0,77.0,193385,16896.0,High Tier,LGA,DDR4,1
8.0,14.0,1900.0,85.0,78.0,197101,11264.0,High Tier,LGA,DDR4,1
6.0,14.0,1700.0,85.0,78.0,123546,8448.0,High Tier,LGA,DDR4,1
8.0,14.0,1700.0,85.0,77.0,123540,11264.0,High Tier,LGA,DDR4,1
6.0,14.0,1900.0,85.0,77.0,193381,8448.0,High Tier,LGA,DDR4,1
6.0,14.0,3500.0,95.0,100.0,214806,12288.0,High Tier,LGA,DDR4,1
8.0,14.0,2100.0,85.0,78.0,193390,11264.0,High Tier,LGA,DDR4,1
16.0,14.0,2100.0,100.0,79.0,193394,22528.0,High Tier,LGA,DDR4,1
12.0,14.0,2200.0,85.0,77.0,193553,16896.0,High Tier,LGA,DDR4,1
8.0,14.0,2500.0,85.0,77.0,193389,11264.0,High Tier,LGA,DDR4,1
10.0,14.0,2400.0,100.0,84.0,197098,14080.0,High Tier,LGA,DDR4,1
8.0,14.0,3700.0,95.0,100.0,193743,16384.0,High Tier,LGA,DDR4,1
8.0,14.0,3400.0,80.0,100.0,193745,16384.0,High Tier,LGA,DDR4,1
6.0,14.0,3400.0,80.0,100.0,195325,12288.0,High Tier,LGA,DDR4,1
8.0,14.0,2000.0,35.0,100.0,195323,16384.0,High Tier,LGA,DDR4,1
6.0,14.0,2000.0,25.0,100.0,193748,12288.0,High Tier,BGA,DDR4,1
4.0,14.0,1700.0,25.0,100.0,193744,8192.0,High Tier,BGA,DDR4,1
6.0,14.0,2800.0,45.0,100.0,193742,12288.0,High Tier,BGA,DDR4,1
4.0,14.0,2600.0,45.0,100.0,193741,8192.0,High Tier,BGA,DDR4,1
6.0,14.0,3700.0,80.0,100.0,134860,12288.0,High Tier,LGA,DDR4,1
6.0,14.0,2700.0,45.0,100.0,134867,12288.0,High Tier,BGA,DDR3,1
6.0,14.0,2900.0,45.0,100.0,134859,12288.0,High Tier,BGA,DDR3,1
4.0,14.0,3200.0,65.0,100.0,134929,8192.0,High Tier,LGA,DDR4,1
6.0,14.0,3500.0,80.0,100.0,134866,12288.0,High Tier,LGA,DDR4,1
4.0,14.0,3800.0,71.0,100.0,134864,8192.0,High Tier,LGA,DDR4,1
6.0,14.0,3300.0,80.0,100.0,134863,12288.0,High Tier,LGA,DDR4,1
4.0,10.0,2688.8255892255893,54.0,100.0,217378,8192.0,High Tier,BGA,DDR4,1
4.0,14.0,3600.0,71.0,100.0,134862,8192.0,High Tier,LGA,DDR4,1
4.0,14.0,3500.0,71.0,100.0,134858,8192.0,High Tier,LGA,DDR4,1
6.0,14.0,3300.0,80.0,100.0,134857,12288.0,High Tier,LGA,DDR4,1
4.0,14.0,3300.0,71.0,100.0,134856,8192.0,High Tier,LGA,DDR4,1
4.0,14.0,3400.0,71.0,100.0,134854,8192.0,High Tier,LGA,DDR4,1
6.0,14.0,3800.0,95.0,100.0,134855,12288.0,High Tier,LGA,DDR4,1
6.0,14.0,4000.0,95.0,100.0,191033,12288.0,High Tier,LGA,DDR4,1
6.0,14.0,3800.0,80.0,100.0,191035,12288.0,High Tier,LGA,DDR4,1
4.0,14.0,3400.0,71.0,100.0,191036,8192.0,High Tier,LGA,DDR4,1
4.0,14.0,3500.0,71.0,100.0,191037,8192.0,High Tier,LGA,DDR4,1
6.0,14.0,4000.0,125.0,100.0,212264,12288.0,High Tier,LGA,DDR4,1
10.0,14.0,1900.0,35.0,100.0,199341,20480.0,High Tier,LGA,DDR4,1
6.0,14.0,2800.0,45.0,100.0,201908,12288.0,High Tier,BGA,DDR4,1
8.0,14.0,2400.0,45.0,100.0,201909,16384.0,High Tier,BGA,DDR4,1
6.0,14.0,3500.0,80.0,100.0,203892,12288.0,High Tier,LGA,DDR4,1
6.0,14.0,2400.0,35.0,100.0,203895,12288.0,High Tier,LGA,DDR4,1
28.0,14.0,2500.0,205.0,76.0,193752,39424.0,High Tier,LGA,DDR4,1
24.0,14.0,2700.0,205.0,78.0,193750,33792.0,High Tier,LGA,DDR4,1
12.0,14.0,3300.0,180.0,72.0,193749,19712.0,High Tier,LGA,DDR4,1
8.0,14.0,3700.0,160.0,68.0,193747,16896.0,High Tier,LGA,DDR4,1
24.0,14.0,2700.0,205.0,78.0,193746,33792.0,High Tier,LGA,DDR4,1
8.0,14.0,3500.0,160.0,68.0,193739,16896.0,High Tier,LGA,DDR4,1
16.0,14.0,3200.0,205.0,77.0,193751,22528.0,High Tier,LGA,DDR4,1
14.0,14.0,3300.0,165.0,62.0,198010,19712.0,High Tier,LGA,DDR4,1
18.0,14.0,3000.0,165.0,61.0,198011,25344.0,High Tier,LGA,DDR4,1
12.0,14.0,3500.0,165.0,61.0,198015,19712.0,High Tier,LGA,DDR4,1
10.0,14.0,3700.0,165.0,62.0,198016,19712.0,High Tier,LGA,DDR4,1
4.0,14.0,3600.0,120.0,64.0,198018,8448.0,High Tier,LGA,DDR4,1
6.0,14.0,3800.0,130.0,64.0,198608,8448.0,High Tier,LGA,DDR4,1
4.0,14.0,2900.0,120.0,66.0,125038,8448.0,High Tier,LGA,DDR4,1
4.0,14.0,3200.0,120.0,66.0,125039,8448.0,High Tier,LGA,DDR4,1
6.0,14.0,3600.0,140.0,65.0,125040,8448.0,High Tier,LGA,DDR4,1
10.0,14.0,3300.0,140.0,68.0,125042,14080.0,High Tier,LGA,DDR4,1
8.0,14.0,3700.0,140.0,70.0,126707,11264.0,High Tier,LGA,DDR4,1
4.0,14.0,4000.0,120.0,64.0,126708,8448.0,High Tier,LGA,DDR4,1
6.0,14.0,3700.0,140.0,64.0,126709,8448.0,High Tier,LGA,DDR4,1
18.0,14.0,2300.0,140.0,66.0,126793,25344.0,High Tier,LGA,DDR4,1
14.0,14.0,2500.0,140.0,100.0,130046,19456.0,High Tier,LGA,DDR4,1
4.0,14.0,3600.0,120.0,65.0,125036,8448.0,High Tier,LGA,DDR4,1
28.0,14.0,3100.0,255.0,85.0,189452,39424.0,High Tier,LGA,DDR4,1
28.0,14.0,2500.0,205.0,76.0,193754,39424.0,High Tier,LGA,DDR4,1
8.0,14.0,3900.0,155.0,59.0,198609,16896.0,High Tier,LGA,DDR4,1
4.0,14.0,4100.0,105.0,61.0,198610,8448.0,High Tier,LGA,DDR4,1
6.0,14.0,3300.0,80.0,100.0,199274,12288.0,High Tier,LGA,DDR4,1
10.0,14.0,3700.0,125.0,100.0,199336,20480.0,High Tier,LGA,DDR4,1
10.0,14.0,3200.0,80.0,100.0,199337,20480.0,High Tier,LGA,DDR4,1
8.0,14.0,3400.0,80.0,100.0,199339,16384.0,High Tier,LGA,DDR4,1
6.0,14.0,4100.0,125.0,100.0,199340,12288.0,High Tier,LGA,DDR4,1
10.0,14.0,3500.0,95.0,100.0,203903,20480.0,High Tier,LGA,DDR4,1
8.0,14.0,3400.0,80.0,100.0,203904,16384.0,High Tier,LGA,DDR4,1
8.0,14.0,2000.0,35.0,100.0,203905,16384.0,High Tier,LGA,DDR4,1
10.0,14.0,1800.0,35.0,100.0,203907,20480.0,High Tier,LGA,DDR4,1
8.0,14.0,3800.0,125.0,100.0,199338,16384.0,High Tier,LGA,DDR4,1
8.0,14.0,1500.0,35.0,100.0,212269,16384.0,High Tier,LGA,DDR4,1
8.0,14.0,3500.0,125.0,100.0,212268,16384.0,High Tier,LGA,DDR4,1
8.0,14.0,3600.0,125.0,100.0,212266,16384.0,High Tier,LGA,DDR4,1
8.0,14.0,2900.0,80.0,100.0,212265,16384.0,High Tier,LGA,DDR4,1
6.0,14.0,3300.0,80.0,100.0,212263,12288.0,High Tier,LGA,DDR4,1
8.0,14.0,2800.0,80.0,100.0,212267,16384.0,High Tier,LGA,DDR4,1
8.0,10.0,2688.8255892255893,54.0,100.0,213796,24576.0,High Tier,BGA,Other,1
6.0,10.0,2688.8255892255893,54.0,100.0,213797,18432.0,High Tier,BGA,Other,1
12.0,10.0,3500.0,220.0,68.0,217247,21504.0,High Tier,LGA,DDR4,1
24.0,10.0,3000.0,250.0,73.0,217245,36864.0,High Tier,LGA,DDR4,1
16.0,10.0,3400.0,250.0,68.0,217244,24576.0,High Tier,LGA,DDR4,1
32.0,10.0,2700.0,270.0,77.0,217243,49152.0,High Tier,LGA,DDR4,1
38.0,10.0,2500.0,270.0,80.0,217246,58368.0,High Tier,LGA,DDR4,1
8.0,10.0,2688.8255892255893,54.0,100.0,217367,24576.0,High Tier,BGA,DDR4,1
8.0,10.0,1500.0,25.0,100.0,217368,24576.0,High Tier,BGA,DDR4,1
4.0,10.0,1800.0,25.0,100.0,217375,8192.0,High Tier,BGA,DDR4,1
6.0,10.0,2688.8255892255893,54.0,100.0,217376,12288.0,High Tier,BGA,DDR4,1
6.0,10.0,1900.0,25.0,100.0,217377,12288.0,High Tier,BGA,DDR4,1
6.0,14.0,3400.0,80.0,100.0,191038,12288.0,High Tier,LGA,DDR4,1
4.0,14.0,3600.0,71.0,100.0,191039,8192.0,High Tier,LGA,DDR4,1
6.0,14.0,3400.0,80.0,100.0,191040,12288.0,High Tier,LGA,DDR4,1
4.0,14.0,3800.0,71.0,100.0,191041,8192.0,High Tier,LGA,DDR4,1
4.0,14.0,4000.0,83.0,100.0,191042,8192.0,High Tier,LGA,DDR4,1
6.0,14.0,2800.0,45.0,100.0,192989,12288.0,High Tier,BGA,DDR3,1
8.0,14.0,2400.0,45.0,100.0,192993,16384.0,High Tier,BGA,DDR3,1
6.0,14.0,3600.0,80.0,100.0,191043,12288.0,High Tier,LGA,DDR4,1
8.0,14.0,3300.0,80.0,100.0,195334,16384.0,High Tier,LGA,DDR4,1
6.0,14.0,2900.0,65.0,100.0,212253,12288.0,High Tier,LGA,DDR4,1
4.0,14.0,3100.0,65.0,100.0,212255,8192.0,High Tier,LGA,DDR4,1
6.0,14.0,3200.0,80.0,100.0,212257,12288.0,High Tier,LGA,DDR4,1
4.0,14.0,3400.0,65.0,100.0,212258,8192.0,High Tier,LGA,DDR4,1
4.0,14.0,2800.0,65.0,100.0,212259,8192.0,High Tier,LGA,DDR4,1
4.0,14.0,3700.0,80.0,100.0,212260,8192.0,High Tier,LGA,DDR4,1
8.0,14.0,2600.0,65.0,100.0,212261,16384.0,High Tier,LGA,DDR4,1
8.0,14.0,2800.0,80.0,100.0,212262,16384.0,High Tier,LGA,DDR4,1
8.0,14.0,3200.0,95.0,100.0,214805,16384.0,High Tier,LGA,DDR4,1
8.0,14.0,2300.0,45.0,105.0,193696,12288.0,High Tier,BGA,DDR3,1
12.0,14.0,2000.0,85.0,100.0,136439,17408.0,High Tier,BGA,DDR4,1
16.0,14.0,2000.0,110.0,100.0,136440,22528.0,High Tier,BGA,DDR4,1
16.0,14.0,2200.0,100.0,100.0,136441,22528.0,High Tier,BGA,DDR4,1
4.0,14.0,2200.0,60.0,100.0,136429,8192.0,High Tier,BGA,DDR4,1
18.0,14.0,1600.0,86.0,100.0,129488,25344.0,High Tier,BGA,DDR4,1
8.0,14.0,2200.0,65.0,100.0,136431,11264.0,High Tier,BGA,DDR4,1
6.0,14.0,2900.0,55.0,105.0,193693,9216.0,High Tier,BGA,DDR3,1
6.0,14.0,2500.0,45.0,105.0,193694,9216.0,High Tier,BGA,DDR3,1
8.0,14.0,1500.0,30.0,105.0,193695,12288.0,High Tier,BGA,DDR3,1
8.0,14.0,2800.0,65.0,105.0,193680,12288.0,High Tier,BGA,DDR3,1
4.0,14.0,1500.0,22.0,105.0,193681,6144.0,High Tier,BGA,DDR3,1
2.0,14.0,2500.0,27.0,105.0,193686,3072.0,High Tier,BGA,DDR3,1
4.0,14.0,2600.0,40.0,105.0,193687,6144.0,High Tier,BGA,DDR3,1
4.0,14.0,2400.0,35.0,105.0,193690,6144.0,High Tier,BGA,DDR3,1
4.0,14.0,2900.0,45.0,105.0,193692,6144.0,High Tier,BGA,DDR3,1
8.0,14.0,1600.0,35.0,85.0,91200,12288.0,High Tier,BGA,DDR3,1
8.0,14.0,2300.0,65.0,105.0,123002,12288.0,High Tier,BGA,DDR3,1
8.0,14.0,2000.0,45.0,80.0,87039,12288.0,High Tier,BGA,DDR4,1
4.0,14.0,2200.0,45.0,80.0,87038,6144.0,High Tier,BGA,DDR4,1
4.0,14.0,2200.0,35.0,100.0,91195,6144.0,High Tier,BGA,DDR3,1
8.0,14.0,1700.0,35.0,100.0,91196,12288.0,High Tier,BGA,DDR3,1
6.0,14.0,1900.0,35.0,100.0,91198,9216.0,High Tier,BGA,DDR3,1
8.0,14.0,2100.0,45.0,100.0,91199,12288.0,High Tier,BGA,DDR3,1
4.0,14.0,2200.0,35.0,100.0,91201,6144.0,High Tier,BGA,DDR3,1
4.0,14.0,2400.0,45.0,100.0,91202,6144.0,High Tier,BGA,DDR3,1
8.0,14.0,2000.0,45.0,100.0,91204,12288.0,High Tier,BGA,DDR3,1
6.0,14.0,2200.0,45.0,100.0,91203,9216.0,High Tier,BGA,DDR3,1
16.0,14.0,1300.0,45.0,100.0,93353,24576.0,High Tier,BGA,DDR3,1
16.0,14.0,1300.0,45.0,100.0,93355,24576.0,High Tier,BGA,DDR3,1
16.0,14.0,1800.0,65.0,100.0,93357,24576.0,High Tier,BGA,DDR3,1
16.0,14.0,1700.0,65.0,100.0,93365,24576.0,High Tier,BGA,DDR3,1
12.0,14.0,2100.0,65.0,100.0,93356,18432.0,High Tier,BGA,DDR3,1
12.0,14.0,1500.0,45.0,100.0,93364,18432.0,High Tier,BGA,DDR3,1
4.0,14.0,1300.0,20.0,85.0,91194,6144.0,High Tier,BGA,DDR3,1
12.0,14.0,1500.0,45.0,85.0,93352,18432.0,High Tier,BGA,DDR3,1
6.0,14.0,2100.0,45.0,100.0,122998,9216.0,High Tier,BGA,DDR3,1
8.0,14.0,1900.0,45.0,100.0,123000,12288.0,High Tier,BGA,DDR3,1
4.0,14.0,2000.0,45.0,100.0,123001,6144.0,High Tier,BGA,DDR3,1
4.0,14.0,1600.0,35.0,100.0,122999,6144.0,High Tier,BGA,DDR3,1
8.0,14.0,2200.0,65.0,100.0,136430,11264.0,High Tier,BGA,DDR4,1
8.0,14.0,1900.0,65.0,100.0,136432,11264.0,High Tier,BGA,DDR4,1
8.0,14.0,1900.0,65.0,100.0,136433,11264.0,High Tier,BGA,DDR4,1
8.0,14.0,2300.0,80.0,100.0,136434,11264.0,High Tier,BGA,DDR4,1
12.0,14.0,2200.0,90.0,100.0,136435,16896.0,High Tier,BGA,DDR4,1
14.0,14.0,1900.0,105.0,100.0,136436,19456.0,High Tier,BGA,DDR4,1
12.0,14.0,2100.0,75.0,100.0,136437,17408.0,High Tier,BGA,DDR4,1
14.0,14.0,1700.0,70.0,100.0,136438,19456.0,High Tier,BGA,DDR4,1
